Dates,B3SA3 Index,B3SA3 Index,B3SA3 Index,B3SA3 Index,B3SA3 Index,B3SA3 Index,B3SA3 Index,B3SA3 Index,B3SA3 Index,B3SA3 Index,B3SA3 Index,B3SA3 Index,B3SA3 Index,B3SA3 Index,B3SA3 Index,B3SA3 Index,B3SA3 Index,B3SA3 Index,B3SA3 Index,B3SA3 Index,B3SA3 Index,B3SA3 Index,B3SA3 Index,ABEV3 Index,ABEV3 Index,ABEV3 Index,ABEV3 Index,ABEV3 Index,ABEV3 Index,ABEV3 Index,ABEV3 Index,ABEV3 Index,ABEV3 Index,ABEV3 Index,ABEV3 Index,ABEV3 Index,ABEV3 Index,ABEV3 Index,ABEV3 Index,ABEV3 Index,ABEV3 Index,ABEV3 Index,ABEV3 Index,ABEV3 Index,ABEV3 Index,ABEV3 Index
Dates,PX_OPEN,PX_HIGH,PX_LOW,PX_LAST,PX_VOLUME,PX_TO_BOOK_RATIO,BS_CUR_LIAB,CUR_MKT_CAP,EBITDA,NET_INCOME,PE_RATIO,EV_EBITDA,DEBT_TO_EBITDA,GROSS_MARGIN,EBIT_MARGIN,LIQ_RATIO,ROE,ROA,ASSET_TURNOVER,CAPEX,FCF,ROIC,NET_DEBT,PX_OPEN,PX_HIGH,PX_LOW,PX_LAST,PX_VOLUME,PX_TO_BOOK_RATIO,BS_CUR_LIAB,CUR_MKT_CAP,EBITDA,NET_INCOME,PE_RATIO,EV_EBITDA,DEBT_TO_EBITDA,GROSS_MARGIN,EBIT_MARGIN,LIQ_RATIO,ROE,ROA,ASSET_TURNOVER,CAPEX,FCF,ROIC,NET_DEBT
2023-12-11,13.5,13.93,13.48,13.93,39856100,3.39,-2873.0,67292.0,950.0,38.5,70.86,42.85,8.68,1224.0,49.61,70.85,38.5,0.0,11.79,11.79,11.79,11.79,11.79,14.24,14.39,14.22,14.32,11080900,2.27,-10104.0,196711.0,3700.0,18.76,53.16,28.77,127.87,4881.0,24.07,4.37,18.76,0.0,12.49,12.49,12.49,12.49,12.49
2023-12-12,14.0,14.0,13.8,13.85,44275900,3.39,-2873.0,67292.0,950.0,38.5,70.86,42.85,8.68,1224.0,49.61,70.85,38.5,0.0,11.79,11.79,11.79,11.79,11.79,14.28,14.34,14.18,14.23,10541600,2.27,-10104.0,196711.0,3700.0,18.76,53.16,28.77,127.87,4881.0,24.07,4.37,18.76,0.0,12.49,12.49,12.49,12.49,12.49
2023-12-13,13.79,14.56,13.61,14.43,64190500,3.39,-2873.0,67292.0,950.0,38.5,70.86,42.85,8.68,1224.0,49.61,70.85,38.5,0.0,11.79,11.79,11.79,11.79,11.79,14.27,14.8,14.14,14.7,53960800,2.27,-10104.0,196711.0,3700.0,18.76,53.16,28.77,127.87,4881.0,24.07,4.37,18.76,0.0,12.49,12.49,12.49,12.49,12.49
2023-12-14,14.6,15.13,14.55,14.83,69818600,3.39,-2873.0,67292.0,950.0,38.5,70.86,42.85,8.68,1224.0,49.61,70.85,38.5,0.0,11.79,11.79,11.79,11.79,11.79,14.85,14.87,14.3,14.5,60791700,2.27,-10104.0,196711.0,3700.0,18.76,53.16,28.77,127.87,4881.0,24.07,4.37,18.76,0.0,12.49,12.49,12.49,12.49,12.49
2023-12-15,14.9,14.95,14.5,14.67,52175400,3.39,-2873.0,67292.0,950.0,38.5,70.86,42.85,8.68,1224.0,49.61,70.85,38.5,0.0,11.79,11.79,11.79,11.79,11.79,14.5,14.57,14.39,14.47,33747300,2.27,-10104.0,196711.0,3700.0,18.76,53.16,28.77,127.87,4881.0,24.07,4.37,18.76,0.0,12.49,12.49,12.49,12.49,12.49
2023-12-18,14.66,14.95,14.61,14.74,22756700,3.39,-2873.0,67292.0,950.0,38.5,70.86,42.85,8.68,1224.0,49.61,70.85,38.5,0.0,11.79,11.79,11.79,11.79,11.79,14.5,14.64,14.43,14.55,24363100,2.27,-10104.0,196711.0,3700.0,18.76,53.16,28.77,127.87,4881.0,24.07,4.37,18.76,0.0,12.49,12.49,12.49,12.49,12.49
2023-12-19,14.75,14.91,14.52,14.55,30892100,3.39,-2873.0,67292.0,950.0,38.5,70.86,42.85,8.68,1224.0,49.61,70.85,38.5,0.0,11.79,11.79,11.79,11.79,11.79,14.59,14.78,14.55,14.7,32674700,2.27,-10104.0,196711.0,3700.0,18.76,53.16,28.77,127.87,4881.0,24.07,4.37,18.76,0.0,12.49,12.49,12.49,12.49,12.49
2023-12-20,14.51,14.65,14.16,14.17,34277600,3.39,-2873.0,67292.0,950.0,38.5,70.86,42.85,8.68,1224.0,49.61,70.85,38.5,0.0,11.79,11.79,11.79,11.79,11.79,13.94,13.95,13.67,13.74,24316200,2.27,-10104.0,196711.0,3700.0,18.76,53.16,28.77,127.87,4881.0,24.07,4.37,18.76,0.0,12.49,12.49,12.49,12.49,12.49
2023-12-21,14.48,14.57,14.3,14.49,29293900,3.39,-2873.0,67292.0,950.0,38.5,70.86,42.85,8.68,1224.0,49.61,70.85,38.5,0.0,11.79,11.79,11.79,11.79,11.79,13.82,13.82,13.59,13.7,28969600,2.27,-10104.0,196711.0,3700.0,18.76,53.16,28.77,127.87,4881.0,24.07,4.37,18.76,0.0,12.49,12.49,12.49,12.49,12.49
2023-12-22,14.49,14.65,14.38,14.51,28239600,3.39,-2873.0,67292.0,950.0,38.5,70.86,42.85,8.68,1224.0,49.61,70.85,38.5,0.0,11.79,11.79,11.79,11.79,11.79,13.69,13.83,13.66,13.71,19864700,2.27,-10104.0,196711.0,3700.0,18.76,53.16,28.77,127.87,4881.0,24.07,4.37,18.76,0.0,12.49,12.49,12.49,12.49,12.49
2023-12-26,14.58,14.74,14.52,14.66,10881600,3.39,-2873.0,67292.0,950.0,38.5,70.86,42.85,8.68,1224.0,49.61,70.85,38.5,0.0,11.79,11.79,11.79,11.79,11.79,13.72,13.81,13.69,13.77,6884800,2.27,-10104.0,196711.0,3700.0,18.76,53.16,28.77,127.87,4881.0,24.07,4.37,18.76,0.0,12.49,12.49,12.49,12.49,12.49
2023-12-27,14.61,14.73,14.47,14.58,16243800,3.39,-2873.0,67292.0,950.0,38.5,70.86,42.85,8.68,1224.0,49.61,70.85,38.5,0.0,11.79,11.79,11.79,11.79,11.79,13.78,13.84,13.72,13.84,10305900,2.27,-10104.0,196711.0,3700.0,18.76,53.16,28.77,127.87,4881.0,24.07,4.37,18.76,0.0,12.49,12.49,12.49,12.49,12.49
2023-12-28,14.52,14.67,14.45,14.55,20491200,3.39,-2873.0,67292.0,950.0,38.5,70.86,42.85,8.68,1224.0,49.61,70.85,38.5,0.0,11.79,11.79,11.79,11.79,11.79,13.8,13.85,13.73,13.73,16500300,2.27,-10104.0,196711.0,3700.0,18.76,53.16,28.77,127.87,4881.0,24.07,4.37,18.76,0.0,12.49,12.49,12.49,12.49,12.49
2024-01-02,14.31,14.4,14.02,14.17,30729000,3.39,-2873.0,67292.0,950.0,38.5,70.86,42.85,8.68,1224.0,49.61,70.85,38.5,0.0,11.79,11.79,11.79,11.79,11.79,13.72,13.73,13.59,13.71,11690200,2.27,-10104.0,196711.0,3700.0,18.76,53.16,28.77,127.87,4881.0,24.07,4.37,18.76,0.0,12.49,12.49,12.49,12.49,12.49
2024-01-03,14.18,14.28,13.98,14.13,43928000,3.39,-2873.0,67292.0,950.0,38.5,70.86,42.85,8.68,1224.0,49.61,70.85,38.5,0.0,11.79,11.79,11.79,11.79,11.79,13.67,13.75,13.57,13.6,17612200,2.27,-10104.0,196711.0,3700.0,18.76,53.16,28.77,127.87,4881.0,24.07,4.37,18.76,0.0,12.49,12.49,12.49,12.49,12.49
2024-01-04,14.11,14.12,13.67,13.72,41789500,3.39,-2873.0,67292.0,950.0,38.5,70.86,42.85,8.68,1224.0,49.61,70.85,38.5,0.0,11.79,11.79,11.79,11.79,11.79,13.6,13.68,13.52,13.65,19996000,2.27,-10104.0,196711.0,3700.0,18.76,53.16,28.77,127.87,4881.0,24.07,4.37,18.76,0.0,12.49,12.49,12.49,12.49,12.49
2024-01-05,13.67,14.07,13.64,13.97,39303900,3.39,-2873.0,67292.0,950.0,38.5,70.86,42.85,8.68,1224.0,49.61,70.85,38.5,0.0,11.79,11.79,11.79,11.79,11.79,13.62,13.69,13.53,13.6,18293900,2.27,-10104.0,196711.0,3700.0,18.76,53.16,28.77,127.87,4881.0,24.07,4.37,18.76,0.0,12.49,12.49,12.49,12.49,12.49
2024-01-08,13.86,14.31,13.85,14.28,27469900,3.39,-2873.0,67292.0,950.0,38.5,70.86,42.85,8.68,1224.0,49.61,70.85,38.5,0.0,11.79,11.79,11.79,11.79,11.79,13.61,13.75,13.58,13.71,11014600,2.27,-10104.0,196711.0,3700.0,18.76,53.16,28.77,127.87,4881.0,24.07,4.37,18.76,0.0,12.49,12.49,12.49,12.49,12.49
2024-01-09,14.07,14.14,13.93,14.06,30342700,3.39,-2873.0,67292.0,950.0,38.5,70.86,42.85,8.68,1224.0,49.61,70.85,38.5,0.0,11.79,11.79,11.79,11.79,11.79,13.69,13.69,13.55,13.62,15705100,2.27,-10104.0,196711.0,3700.0,18.76,53.16,28.77,127.87,4881.0,24.07,4.37,18.76,0.0,12.49,12.49,12.49,12.49,12.49
2024-01-10,14.05,14.18,13.9,13.92,20165800,3.39,-2873.0,67292.0,950.0,38.5,70.86,42.85,8.68,1224.0,49.61,70.85,38.5,0.0,11.79,11.79,11.79,11.79,11.79,13.62,13.83,13.6,13.76,18313300,2.27,-10104.0,196711.0,3700.0,18.76,53.16,28.77,127.87,4881.0,24.07,4.37,18.76,0.0,12.49,12.49,12.49,12.49,12.49
2024-01-11,13.94,14.05,13.66,13.95,23289000,3.39,-2873.0,67292.0,950.0,38.5,70.86,42.85,8.68,1224.0,49.61,70.85,38.5,0.0,11.79,11.79,11.79,11.79,11.79,13.71,13.77,13.51,13.56,22254100,2.27,-10104.0,196711.0,3700.0,18.76,53.16,28.77,127.87,4881.0,24.07,4.37,18.76,0.0,12.49,12.49,12.49,12.49,12.49
2024-01-12,14.0,14.24,13.96,14.1,24421600,3.39,-2873.0,67292.0,950.0,38.5,70.86,42.85,8.68,1224.0,49.61,70.85,38.5,0.0,11.79,11.79,11.79,11.79,11.79,13.52,13.72,13.44,13.59,20300600,2.27,-10104.0,196711.0,3700.0,18.76,53.16,28.77,127.87,4881.0,24.07,4.37,18.76,0.0,12.49,12.49,12.49,12.49,12.49
2024-01-15,14.1,14.15,13.99,14.13,13922400,3.39,-2873.0,67292.0,950.0,38.5,70.86,42.85,8.68,1224.0,49.61,70.85,38.5,0.0,11.79,11.79,11.79,11.79,11.79,13.48,13.6,13.46,13.59,4752100,2.27,-10104.0,196711.0,3700.0,18.76,53.16,28.77,127.87,4881.0,24.07,4.37,18.76,0.0,12.49,12.49,12.49,12.49,12.49
2024-01-16,14.0,14.17,13.9,13.98,36138100,3.39,-2873.0,67292.0,950.0,38.5,70.86,42.85,8.68,1224.0,49.61,70.85,38.5,0.0,11.79,11.79,11.79,11.79,11.79,13.44,13.52,13.34,13.35,24233000,2.27,-10104.0,196711.0,3700.0,18.76,53.16,28.77,127.87,4881.0,24.07,4.37,18.76,0.0,12.49,12.49,12.49,12.49,12.49
2024-01-17,13.97,14.0,13.71,13.73,26273900,3.39,-2873.0,67292.0,950.0,38.5,70.86,42.85,8.68,1224.0,49.61,70.85,38.5,0.0,11.79,11.79,11.79,11.79,11.79,13.33,13.51,13.33,13.43,12493800,2.27,-10104.0,196711.0,3700.0,18.76,53.16,28.77,127.87,4881.0,24.07,4.37,18.76,0.0,12.49,12.49,12.49,12.49,12.49
2024-01-18,13.87,13.94,13.7,13.85,30560300,3.39,-2873.0,67292.0,950.0,38.5,70.86,42.85,8.68,1224.0,49.61,70.85,38.5,0.0,11.79,11.79,11.79,11.79,11.79,13.42,13.42,13.25,13.34,18425500,2.27,-10104.0,196711.0,3700.0,18.76,53.16,28.77,127.87,4881.0,24.07,4.37,18.76,0.0,12.49,12.49,12.49,12.49,12.49
2024-01-19,13.85,13.96,13.54,13.79,36625000,3.39,-2873.0,67292.0,950.0,38.5,70.86,42.85,8.68,1224.0,49.61,70.85,38.5,0.0,11.79,11.79,11.79,11.79,11.79,13.41,13.42,13.26,13.35,28017100,2.27,-10104.0,196711.0,3700.0,18.76,53.16,28.77,127.87,4881.0,24.07,4.37,18.76,0.0,12.49,12.49,12.49,12.49,12.49
2024-01-22,13.79,13.85,13.37,13.48,22740300,3.39,-2873.0,67292.0,950.0,38.5,70.86,42.85,8.68,1224.0,49.61,70.85,38.5,0.0,11.79,11.79,11.79,11.79,11.79,13.38,13.45,13.23,13.36,16245600,2.27,-10104.0,196711.0,3700.0,18.76,53.16,28.77,127.87,4881.0,24.07,4.37,18.76,0.0,12.49,12.49,12.49,12.49,12.49
2024-01-23,13.58,13.82,13.5,13.73,30925900,3.39,-2873.0,67292.0,950.0,38.5,70.86,42.85,8.68,1224.0,49.61,70.85,38.5,0.0,11.79,11.79,11.79,11.79,11.79,13.39,13.43,13.23,13.37,16851900,2.27,-10104.0,196711.0,3700.0,18.76,53.16,28.77,127.87,4881.0,24.07,4.37,18.76,0.0,12.49,12.49,12.49,12.49,12.49
2024-01-24,13.93,14.04,13.63,13.63,20000600,3.39,-2873.0,67292.0,950.0,38.5,70.86,42.85,8.68,1224.0,49.61,70.85,38.5,0.0,11.79,11.79,11.79,11.79,11.79,13.44,13.44,13.19,13.28,16080200,2.27,-10104.0,196711.0,3700.0,18.76,53.16,28.77,127.87,4881.0,24.07,4.37,18.76,0.0,12.49,12.49,12.49,12.49,12.49
2024-01-25,13.63,13.75,13.42,13.43,24605800,3.39,-2873.0,67292.0,950.0,38.5,70.86,42.85,8.68,1224.0,49.61,70.85,38.5,0.0,11.79,11.79,11.79,11.79,11.79,13.22,13.28,13.14,13.2,12841800,2.27,-10104.0,196711.0,3700.0,18.76,53.16,28.77,127.87,4881.0,24.07,4.37,18.76,0.0,12.49,12.49,12.49,12.49,12.49
2024-01-26,13.24,13.42,13.18,13.22,36744500,3.39,-2873.0,67292.0,950.0,38.5,70.86,42.85,8.68,1224.0,49.61,70.85,38.5,0.0,11.79,11.79,11.79,11.79,11.79,13.26,13.29,13.15,13.2,6568000,2.27,-10104.0,196711.0,3700.0,18.76,53.16,28.77,127.87,4881.0,24.07,4.37,18.76,0.0,12.49,12.49,12.49,12.49,12.49
2024-01-29,13.25,13.32,13.09,13.21,19832000,3.39,-2873.0,67292.0,950.0,38.5,70.86,42.85,8.68,1224.0,49.61,70.85,38.5,0.0,11.79,11.79,11.79,11.79,11.79,13.16,13.29,13.12,13.25,10163100,2.27,-10104.0,196711.0,3700.0,18.76,53.16,28.77,127.87,4881.0,24.07,4.37,18.76,0.0,12.49,12.49,12.49,12.49,12.49
2024-01-30,13.26,13.26,12.93,13.0,31869100,3.39,-2873.0,67292.0,950.0,38.5,70.86,42.85,8.68,1224.0,49.61,70.85,38.5,0.0,11.79,11.79,11.79,11.79,11.79,13.22,13.25,13.03,13.04,22516400,2.27,-10104.0,196711.0,3700.0,18.76,53.16,28.77,127.87,4881.0,24.07,4.37,18.76,0.0,12.49,12.49,12.49,12.49,12.49
2024-01-31,13.02,13.36,13.01,13.09,29470800,3.39,-2873.0,67292.0,950.0,38.5,70.86,42.85,8.68,1224.0,49.61,70.85,38.5,0.0,11.79,11.79,11.79,11.79,11.79,13.08,13.22,13.03,13.08,25269100,2.27,-10104.0,196711.0,3700.0,18.76,53.16,28.77,127.87,4881.0,24.07,4.37,18.76,0.0,12.49,12.49,12.49,12.49,12.49
2024-02-01,13.11,13.29,12.98,13.29,38297200,3.39,-2873.0,67292.0,950.0,38.5,70.86,42.85,8.68,1224.0,49.61,70.85,38.5,0.0,11.79,11.79,11.79,11.79,11.79,13.07,13.11,12.9,13.07,27075000,2.27,-10104.0,196711.0,3700.0,18.76,53.16,28.77,127.87,4881.0,24.07,4.37,18.76,0.0,12.49,12.49,12.49,12.49,12.49
2024-02-02,13.26,13.37,12.98,13.17,52712700,3.39,-2873.0,67292.0,950.0,38.5,70.86,42.85,8.68,1224.0,49.61,70.85,38.5,0.0,11.79,11.79,11.79,11.79,11.79,13.08,13.2,12.96,13.07,22938800,2.27,-10104.0,196711.0,3700.0,18.76,53.16,28.77,127.87,4881.0,24.07,4.37,18.76,0.0,12.49,12.49,12.49,12.49,12.49
2024-02-05,13.17,13.26,12.96,13.07,23037300,3.39,-2873.0,67292.0,950.0,38.5,70.86,42.85,8.68,1224.0,49.61,70.85,38.5,0.0,11.79,11.79,11.79,11.79,11.79,13.08,13.19,13.04,13.09,16606500,2.27,-10104.0,196711.0,3700.0,18.76,53.16,28.77,127.87,4881.0,24.07,4.37,18.76,0.0,12.49,12.49,12.49,12.49,12.49
2024-02-06,13.1,13.38,13.08,13.21,39654300,3.39,-2873.0,67292.0,950.0,38.5,70.86,42.85,8.68,1224.0,49.61,70.85,38.5,0.0,11.79,11.79,11.79,11.79,11.79,13.07,13.3,13.07,13.23,29715800,2.27,-10104.0,196711.0,3700.0,18.76,53.16,28.77,127.87,4881.0,24.07,4.37,18.76,0.0,12.49,12.49,12.49,12.49,12.49
2024-02-07,13.21,13.43,13.04,13.43,31385600,3.39,-2873.0,67292.0,950.0,38.5,70.86,42.85,8.68,1224.0,49.61,70.85,38.5,0.0,11.79,11.79,11.79,11.79,11.79,13.25,13.31,12.93,13.0,37752200,2.27,-10104.0,196711.0,3700.0,18.76,53.16,28.77,127.87,4881.0,24.07,4.37,18.76,0.0,12.49,12.49,12.49,12.49,12.49
2024-02-08,13.49,13.5,13.12,13.16,30911000,3.39,-2873.0,67292.0,950.0,38.5,70.86,42.85,8.68,1224.0,49.61,70.85,38.5,0.0,11.79,11.79,11.79,11.79,11.79,12.96,13.04,12.9,12.95,23297000,2.27,-10104.0,196711.0,3700.0,18.76,53.16,28.77,127.87,4881.0,24.07,4.37,18.76,0.0,12.49,12.49,12.49,12.49,12.49
2024-02-09,13.11,13.33,13.07,13.24,76235100,3.39,-2873.0,67292.0,950.0,38.5,70.86,42.85,8.68,1224.0,49.61,70.85,38.5,0.0,11.79,11.79,11.79,11.79,11.79,12.92,12.98,12.81,12.95,15447300,2.27,-10104.0,196711.0,3700.0,18.76,53.16,28.77,127.87,4881.0,24.07,4.37,18.76,0.0,12.49,12.49,12.49,12.49,12.49
2024-02-14,13.1,13.19,12.83,12.86,37596000,3.39,-2873.0,67292.0,950.0,38.5,70.86,42.85,8.68,1224.0,49.61,70.85,38.5,0.0,11.79,11.79,11.79,11.79,11.79,12.88,12.94,12.82,12.92,16255700,2.27,-10104.0,196711.0,3700.0,18.76,53.16,28.77,127.87,4881.0,24.07,4.37,18.76,0.0,12.49,12.49,12.49,12.49,12.49
2024-02-15,12.97,12.97,12.66,12.69,44655800,3.39,-2873.0,67292.0,950.0,38.5,70.86,42.85,8.68,1224.0,49.61,70.85,38.5,0.0,11.79,11.79,11.79,11.79,11.79,12.93,13.02,12.84,12.85,27820200,2.27,-10104.0,196711.0,3700.0,18.76,53.16,28.77,127.87,4881.0,24.07,4.37,18.76,0.0,12.49,12.49,12.49,12.49,12.49
2024-02-16,12.75,12.79,12.6,12.73,66965300,3.39,-2873.0,67292.0,950.0,38.5,70.86,42.85,8.68,1224.0,49.61,70.85,38.5,0.0,11.79,11.79,11.79,11.79,11.79,12.9,12.9,12.75,12.76,21074800,2.27,-10104.0,196711.0,3700.0,18.76,53.16,28.77,127.87,4881.0,24.07,4.37,18.76,0.0,12.49,12.49,12.49,12.49,12.49
2024-02-19,12.71,12.77,12.57,12.69,14486700,3.39,-2873.0,67292.0,950.0,38.5,70.86,42.85,8.68,1224.0,49.61,70.85,38.5,0.0,11.79,11.79,11.79,11.79,11.79,12.77,12.81,12.65,12.81,9229700,2.27,-10104.0,196711.0,3700.0,18.76,53.16,28.77,127.87,4881.0,24.07,4.37,18.76,0.0,12.49,12.49,12.49,12.49,12.49
2024-02-20,12.61,12.99,12.61,12.94,47432000,3.39,-2873.0,67292.0,950.0,38.5,70.86,42.85,8.68,1224.0,49.61,70.85,38.5,0.0,11.79,11.79,11.79,11.79,11.79,12.81,13.09,12.78,12.85,26872100,2.27,-10104.0,196711.0,3700.0,18.76,53.16,28.77,127.87,4881.0,24.07,4.37,18.76,0.0,12.49,12.49,12.49,12.49,12.49
2024-02-21,12.9,12.94,12.74,12.81,36621400,3.39,-2873.0,67292.0,950.0,38.5,70.86,42.85,8.68,1224.0,49.61,70.85,38.5,0.0,11.79,11.79,11.79,11.79,11.79,12.84,12.92,12.75,12.9,13911900,2.27,-10104.0,196711.0,3700.0,18.76,53.16,28.77,127.87,4881.0,24.07,4.37,18.76,0.0,12.49,12.49,12.49,12.49,12.49
2024-02-22,12.93,12.93,12.64,12.65,27702400,3.39,-2873.0,67292.0,950.0,38.5,70.86,42.85,8.68,1224.0,49.61,70.85,38.5,0.0,11.79,11.79,11.79,11.79,11.79,12.93,13.01,12.86,12.96,16110800,2.27,-10104.0,196711.0,3700.0,18.76,53.16,28.77,127.87,4881.0,24.07,4.37,18.76,0.0,12.49,12.49,12.49,12.49,12.49
2024-02-23,12.61,12.73,12.11,12.45,62080800,3.39,-2873.0,67292.0,950.0,38.5,70.86,42.85,8.68,1224.0,49.61,70.85,38.5,0.0,11.79,11.79,11.79,11.79,11.79,13.0,13.01,12.82,12.89,18944400,2.27,-10104.0,196711.0,3700.0,18.76,53.16,28.77,127.87,4881.0,24.07,4.37,18.76,0.0,12.49,12.49,12.49,12.49,12.49
2024-02-26,12.45,12.58,12.43,12.48,31223700,3.39,-2873.0,67292.0,950.0,38.5,70.86,42.85,8.68,1224.0,49.61,70.85,38.5,0.0,11.79,11.79,11.79,11.79,11.79,12.83,13.1,12.83,13.04,12942000,2.27,-10104.0,196711.0,3700.0,18.76,53.16,28.77,127.87,4881.0,24.07,4.37,18.76,0.0,12.49,12.49,12.49,12.49,12.49
2024-02-27,12.67,12.81,12.57,12.75,42297000,3.39,-2873.0,67292.0,950.0,38.5,70.86,42.85,8.68,1224.0,49.61,70.85,38.5,0.0,11.79,11.79,11.79,11.79,11.79,13.11,13.33,13.07,13.31,31668800,2.27,-10104.0,196711.0,3700.0,18.76,53.16,28.77,127.87,4881.0,24.07,4.37,18.76,0.0,12.49,12.49,12.49,12.49,12.49
2024-02-28,12.59,12.65,12.37,12.58,25756200,3.39,-2873.0,67292.0,950.0,38.5,70.86,42.85,8.68,1224.0,49.61,70.85,38.5,0.0,11.79,11.79,11.79,11.79,11.79,13.27,13.59,13.26,13.45,34495200,2.27,-10104.0,196711.0,3700.0,18.76,53.16,28.77,127.87,4881.0,24.07,4.37,18.76,0.0,12.49,12.49,12.49,12.49,12.49
2024-02-29,12.56,12.89,12.49,12.83,68497700,3.39,-2873.0,67292.0,950.0,38.5,70.86,42.85,8.68,1224.0,49.61,70.85,38.5,0.0,11.79,11.79,11.79,11.79,11.79,12.92,12.99,12.4,12.58,88182100,2.27,-10104.0,196711.0,3700.0,18.76,53.16,28.77,127.87,4881.0,24.07,4.37,18.76,0.0,12.49,12.49,12.49,12.49,12.49
2024-03-01,12.52,12.76,12.42,12.42,69636300,3.39,-2873.0,67292.0,950.0,38.5,70.86,42.85,8.68,1224.0,49.61,70.85,38.5,0.0,11.79,11.79,11.79,11.79,11.79,12.46,12.67,12.3,12.44,51174000,2.27,-10104.0,196711.0,3700.0,18.76,53.16,28.77,127.87,4881.0,24.07,4.37,18.76,0.0,12.49,12.49,12.49,12.49,12.49
2024-03-04,12.42,12.44,12.26,12.3,32530100,3.39,-2873.0,67292.0,950.0,38.5,70.86,42.85,8.68,1224.0,49.61,70.85,38.5,0.0,11.79,11.79,11.79,11.79,11.79,12.45,12.57,12.41,12.48,16560500,2.27,-10104.0,196711.0,3700.0,18.76,53.16,28.77,127.87,4881.0,24.07,4.37,18.76,0.0,12.49,12.49,12.49,12.49,12.49
2024-03-05,12.39,12.41,12.11,12.19,41616100,3.39,-2873.0,67292.0,950.0,38.5,70.86,42.85,8.68,1224.0,49.61,70.85,38.5,0.0,11.79,11.79,11.79,11.79,11.79,12.53,12.83,12.45,12.75,33369400,2.27,-10104.0,196711.0,3700.0,18.76,53.16,28.77,127.87,4881.0,24.07,4.37,18.76,0.0,12.49,12.49,12.49,12.49,12.49
2024-03-06,12.28,12.36,12.14,12.25,64366000,3.39,-2873.0,67292.0,950.0,38.5,70.86,42.85,8.68,1224.0,49.61,70.85,38.5,0.0,11.79,11.79,11.79,11.79,11.79,12.8,12.98,12.57,12.69,45103900,2.27,-10104.0,196711.0,3700.0,18.76,53.16,28.77,127.87,4881.0,24.07,4.37,18.76,0.0,12.49,12.49,12.49,12.49,12.49
2024-03-07,12.24,12.4,12.11,12.32,43360500,3.39,-2873.0,67292.0,950.0,38.5,70.86,42.85,8.68,1224.0,49.61,70.85,38.5,0.0,11.79,11.79,11.79,11.79,11.79,12.63,12.73,12.52,12.65,12954500,2.27,-10104.0,196711.0,3700.0,18.76,53.16,28.77,127.87,4881.0,24.07,4.37,18.76,0.0,12.49,12.49,12.49,12.49,12.49
2024-03-08,12.23,12.57,12.18,12.46,62540000,3.39,-2873.0,67292.0,950.0,38.5,70.86,42.85,8.68,1224.0,49.61,70.85,38.5,0.0,11.79,11.79,11.79,11.79,11.79,12.55,12.92,12.55,12.84,54292500,2.27,-10104.0,196711.0,3700.0,18.76,53.16,28.77,127.87,4881.0,24.07,4.37,18.76,0.0,12.49,12.49,12.49,12.49,12.49
2024-03-11,12.36,12.72,12.36,12.58,34745900,3.39,-2873.0,67292.0,950.0,38.5,70.86,42.85,8.68,1224.0,49.61,70.85,38.5,0.0,11.79,11.79,11.79,11.79,11.79,12.77,12.9,12.68,12.8,20348100,2.27,-10104.0,196711.0,3700.0,18.76,53.16,28.77,127.87,4881.0,24.07,4.37,18.76,0.0,12.49,12.49,12.49,12.49,12.49
2024-03-12,12.74,12.9,12.64,12.82,44590800,3.39,-2873.0,67292.0,950.0,38.5,70.86,42.85,8.68,1224.0,49.61,70.85,38.5,0.0,11.79,11.79,11.79,11.79,11.79,12.83,12.9,12.76,12.84,25358500,2.27,-10104.0,196711.0,3700.0,18.76,53.16,28.77,127.87,4881.0,24.07,4.37,18.76,0.0,12.49,12.49,12.49,12.49,12.49
2024-03-13,12.74,12.96,12.73,12.76,32177000,3.39,-2873.0,67292.0,950.0,38.5,70.86,42.85,8.68,1224.0,49.61,70.85,38.5,0.0,11.79,11.79,11.79,11.79,11.79,12.82,12.91,12.7,12.75,24872300,2.27,-10104.0,196711.0,3700.0,18.76,53.16,28.77,127.87,4881.0,24.07,4.37,18.76,0.0,12.49,12.49,12.49,12.49,12.49
2024-03-14,12.71,12.76,12.41,12.51,39623100,3.39,-2873.0,67292.0,950.0,38.5,70.86,42.85,8.68,1224.0,49.61,70.85,38.5,0.0,11.79,11.79,11.79,11.79,11.79,12.74,12.81,12.67,12.8,27666100,2.27,-10104.0,196711.0,3700.0,18.76,53.16,28.77,127.87,4881.0,24.07,4.37,18.76,0.0,12.49,12.49,12.49,12.49,12.49
2024-03-15,12.47,12.59,12.31,12.33,46402500,3.39,-2873.0,67292.0,950.0,38.5,70.86,42.85,8.68,1224.0,49.61,70.85,38.5,0.0,11.79,11.79,11.79,11.79,11.79,12.86,12.86,12.61,12.63,36174000,2.27,-10104.0,196711.0,3700.0,18.76,53.16,28.77,127.87,4881.0,24.07,4.37,18.76,0.0,12.49,12.49,12.49,12.49,12.49
2024-03-18,12.37,12.49,12.24,12.36,17929500,3.39,-2873.0,67292.0,950.0,38.5,70.86,42.85,8.68,1224.0,49.61,70.85,38.5,0.0,11.79,11.79,11.79,11.79,11.79,12.65,12.68,12.54,12.63,24187500,2.27,-10104.0,196711.0,3700.0,18.76,53.16,28.77,127.87,4881.0,24.07,4.37,18.76,0.0,12.49,12.49,12.49,12.49,12.49
2024-03-19,12.4,12.46,12.18,12.31,21266300,3.39,-2873.0,67292.0,950.0,38.5,70.86,42.85,8.68,1224.0,49.61,70.85,38.5,0.0,11.79,11.79,11.79,11.79,11.79,12.63,12.69,12.47,12.54,26464600,2.27,-10104.0,196711.0,3700.0,18.76,53.16,28.77,127.87,4881.0,24.07,4.37,18.76,0.0,12.49,12.49,12.49,12.49,12.49
2024-03-20,12.31,12.83,12.28,12.75,30160800,3.39,-2873.0,67292.0,950.0,38.5,70.86,42.85,8.68,1224.0,49.61,70.85,38.5,0.0,11.79,11.79,11.79,11.79,11.79,12.53,12.59,12.37,12.54,48407800,2.27,-10104.0,196711.0,3700.0,18.76,53.16,28.77,127.87,4881.0,24.07,4.37,18.76,0.0,12.49,12.49,12.49,12.49,12.49
2024-03-21,12.77,12.78,12.4,12.4,34768100,3.39,-2873.0,67292.0,950.0,38.5,70.86,42.85,8.68,1224.0,49.61,70.85,38.5,0.0,11.79,11.79,11.79,11.79,11.79,12.52,12.61,12.44,12.61,29217300,2.27,-10104.0,196711.0,3700.0,18.76,53.16,28.77,127.87,4881.0,24.07,4.37,18.76,0.0,12.49,12.49,12.49,12.49,12.49
2024-03-22,12.24,12.33,12.0,12.0,60130400,3.39,-2873.0,67292.0,950.0,38.5,70.86,42.85,8.68,1224.0,49.61,70.85,38.5,0.0,11.79,11.79,11.79,11.79,11.79,12.56,12.57,12.37,12.41,18151900,2.27,-10104.0,196711.0,3700.0,18.76,53.16,28.77,127.87,4881.0,24.07,4.37,18.76,0.0,12.49,12.49,12.49,12.49,12.49
2024-03-25,11.98,12.11,11.9,11.9,43172300,3.39,-2873.0,67292.0,950.0,38.5,70.86,42.85,8.68,1224.0,49.61,70.85,38.5,0.0,11.79,11.79,11.79,11.79,11.79,12.4,12.5,12.23,12.23,21593700,2.27,-10104.0,196711.0,3700.0,18.76,53.16,28.77,127.87,4881.0,24.07,4.37,18.76,0.0,12.49,12.49,12.49,12.49,12.49
2024-03-26,11.9,12.08,11.83,11.9,54494400,3.39,-2873.0,67292.0,950.0,38.5,70.86,42.85,8.68,1224.0,49.61,70.85,38.5,0.0,11.79,11.79,11.79,11.79,11.79,12.2,12.49,12.17,12.41,32319600,2.27,-10104.0,196711.0,3700.0,18.76,53.16,28.77,127.87,4881.0,24.07,4.37,18.76,0.0,12.49,12.49,12.49,12.49,12.49
2024-03-27,11.82,12.02,11.78,12.02,22829000,3.39,-2873.0,67292.0,950.0,38.5,70.86,42.85,8.68,1224.0,49.61,70.85,38.5,0.0,11.79,11.79,11.79,11.79,11.79,12.36,12.45,12.3,12.45,26211600,2.27,-10104.0,196711.0,3700.0,18.76,53.16,28.77,127.87,4881.0,24.07,4.37,18.76,0.0,12.49,12.49,12.49,12.49,12.49
2024-03-28,11.98,12.13,11.93,11.99,20303900,3.39,-2873.0,67292.0,950.0,38.5,70.86,42.85,8.68,1224.0,49.61,70.85,38.5,0.0,11.79,11.79,11.79,11.79,11.79,12.38,12.55,12.36,12.49,44405600,2.27,-10104.0,196711.0,3700.0,18.76,53.16,28.77,127.87,4881.0,24.07,4.37,18.76,0.0,12.49,12.49,12.49,12.49,12.49
2024-04-01,12.06,12.11,11.73,11.77,48653200,3.39,-2873.0,67292.0,950.0,38.5,70.86,42.85,8.68,1224.0,49.61,70.85,38.5,0.0,11.79,11.79,11.79,11.79,11.79,12.5,12.54,12.27,12.33,21031000,2.27,-10104.0,196711.0,3700.0,18.76,53.16,28.77,127.87,4881.0,24.07,4.37,18.76,0.0,12.49,12.49,12.49,12.49,12.49
2024-04-02,11.82,11.85,11.62,11.73,61624700,3.39,-2873.0,67292.0,950.0,38.5,70.86,42.85,8.68,1224.0,49.61,70.85,38.5,0.0,11.79,11.79,11.79,11.79,11.79,12.34,12.42,12.27,12.27,19115800,2.27,-10104.0,196711.0,3700.0,18.76,53.16,28.77,127.87,4881.0,24.07,4.37,18.76,0.0,12.49,12.49,12.49,12.49,12.49
2024-04-03,11.76,11.78,11.51,11.7,61062600,3.39,-2873.0,67292.0,950.0,38.5,70.86,42.85,8.68,1224.0,49.61,70.85,38.5,0.0,11.79,11.79,11.79,11.79,11.79,12.25,12.51,12.13,12.45,36137900,2.27,-10104.0,196711.0,3700.0,18.76,53.16,28.77,127.87,4881.0,24.07,4.37,18.76,0.0,12.49,12.49,12.49,12.49,12.49
2024-04-04,11.99,12.24,11.91,11.96,72579200,3.39,-2873.0,67292.0,950.0,38.5,70.86,42.85,8.68,1224.0,49.61,70.85,38.5,0.0,11.79,11.79,11.79,11.79,11.79,12.47,12.7,12.46,12.47,31881300,2.27,-10104.0,196711.0,3700.0,18.76,53.16,28.77,127.87,4881.0,24.07,4.37,18.76,0.0,12.49,12.49,12.49,12.49,12.49
2024-04-05,12.13,12.2,11.91,12.0,45683100,3.39,-2873.0,67292.0,950.0,38.5,70.86,42.85,8.68,1224.0,49.61,70.85,38.5,0.0,11.79,11.79,11.79,11.79,11.79,12.52,12.55,12.04,12.23,71144500,2.27,-10104.0,196711.0,3700.0,18.76,53.16,28.77,127.87,4881.0,24.07,4.37,18.76,0.0,12.49,12.49,12.49,12.49,12.49
2024-04-08,12.15,12.2,12.0,12.13,33474500,3.39,-2873.0,67292.0,950.0,38.5,70.86,42.85,8.68,1224.0,49.61,70.85,38.5,0.0,11.79,11.79,11.79,11.79,11.79,12.22,12.27,12.12,12.17,18919200,2.27,-10104.0,196711.0,3700.0,18.76,53.16,28.77,127.87,4881.0,24.07,4.37,18.76,0.0,12.49,12.49,12.49,12.49,12.49
2024-04-09,12.13,12.41,11.98,12.39,37588600,3.39,-2873.0,67292.0,950.0,38.5,70.86,42.85,8.68,1224.0,49.61,70.85,38.5,0.0,11.79,11.79,11.79,11.79,11.79,12.21,12.42,12.18,12.36,23795200,2.27,-10104.0,196711.0,3700.0,18.76,53.16,28.77,127.87,4881.0,24.07,4.37,18.76,0.0,12.49,12.49,12.49,12.49,12.49
2024-04-10,12.29,12.32,11.9,11.96,50523500,3.39,-2873.0,67292.0,950.0,38.5,70.86,42.85,8.68,1224.0,49.61,70.85,38.5,0.0,11.79,11.79,11.79,11.79,11.79,12.27,12.38,12.1,12.1,23028800,2.27,-10104.0,196711.0,3700.0,18.76,53.16,28.77,127.87,4881.0,24.07,4.37,18.76,0.0,12.49,12.49,12.49,12.49,12.49
2024-04-11,11.94,12.06,11.83,11.98,37532200,3.39,-2873.0,67292.0,950.0,38.5,70.86,42.85,8.68,1224.0,49.61,70.85,38.5,0.0,11.79,11.79,11.79,11.79,11.79,12.1,12.31,12.07,12.2,21019300,2.27,-10104.0,196711.0,3700.0,18.76,53.16,28.77,127.87,4881.0,24.07,4.37,18.76,0.0,12.49,12.49,12.49,12.49,12.49
2024-04-12,11.91,11.99,11.71,11.71,38489000,3.39,-2873.0,67292.0,950.0,38.5,70.86,42.85,8.68,1224.0,49.61,70.85,38.5,0.0,11.79,11.79,11.79,11.79,11.79,12.16,12.21,12.05,12.12,16269700,2.27,-10104.0,196711.0,3700.0,18.76,53.16,28.77,127.87,4881.0,24.07,4.37,18.76,0.0,12.49,12.49,12.49,12.49,12.49
2024-04-15,11.72,11.77,11.34,11.48,51176300,3.39,-2873.0,67292.0,950.0,38.5,70.86,42.85,8.68,1224.0,49.61,70.85,38.5,0.0,11.79,11.79,11.79,11.79,11.79,12.1,12.15,11.98,12.07,31625300,2.27,-10104.0,196711.0,3700.0,18.76,53.16,28.77,127.87,4881.0,24.07,4.37,18.76,0.0,12.49,12.49,12.49,12.49,12.49
2024-04-16,11.34,11.46,11.15,11.33,49107500,3.39,-2873.0,67292.0,950.0,38.5,70.86,42.85,8.68,1224.0,49.61,70.85,38.5,0.0,11.79,11.79,11.79,11.79,11.79,12.0,12.11,11.94,11.94,31317300,2.27,-10104.0,196711.0,3700.0,18.76,53.16,28.77,127.87,4881.0,24.07,4.37,18.76,0.0,12.49,12.49,12.49,12.49,12.49
2024-04-17,11.37,11.49,11.14,11.24,48295800,3.39,-2873.0,67292.0,950.0,38.5,70.86,42.85,8.68,1224.0,49.61,70.85,38.5,0.0,11.79,11.79,11.79,11.79,11.79,12.0,12.04,11.84,11.91,26530200,2.27,-10104.0,196711.0,3700.0,18.76,53.16,28.77,127.87,4881.0,24.07,4.37,18.76,0.0,12.49,12.49,12.49,12.49,12.49
2024-04-18,11.2,11.38,11.05,11.14,39453700,3.39,-2873.0,67292.0,950.0,38.5,70.86,42.85,8.68,1224.0,49.61,70.85,38.5,0.0,11.79,11.79,11.79,11.79,11.79,11.92,12.02,11.84,11.96,28663900,2.27,-10104.0,196711.0,3700.0,18.76,53.16,28.77,127.87,4881.0,24.07,4.37,18.76,0.0,12.49,12.49,12.49,12.49,12.49
2024-04-19,11.14,11.33,11.12,11.18,39339300,3.39,-2873.0,67292.0,950.0,38.5,70.86,42.85,8.68,1224.0,49.61,70.85,38.5,0.0,11.79,11.79,11.79,11.79,11.79,11.97,12.1,11.95,11.95,25809800,2.27,-10104.0,196711.0,3700.0,18.76,53.16,28.77,127.87,4881.0,24.07,4.37,18.76,0.0,12.49,12.49,12.49,12.49,12.49
2024-04-22,11.2,11.34,11.17,11.27,31325900,3.39,-2873.0,67292.0,950.0,38.5,70.86,42.85,8.68,1224.0,49.61,70.85,38.5,0.0,11.79,11.79,11.79,11.79,11.79,11.99,12.1,11.95,11.95,23450600,2.27,-10104.0,196711.0,3700.0,18.76,53.16,28.77,127.87,4881.0,24.07,4.37,18.76,0.0,12.49,12.49,12.49,12.49,12.49
2024-04-23,11.15,11.24,11.04,11.09,44050500,3.39,-2873.0,67292.0,950.0,38.5,70.86,42.85,8.68,1224.0,49.61,70.85,38.5,0.0,11.79,11.79,11.79,11.79,11.79,11.9,12.0,11.83,11.86,18581900,2.27,-10104.0,196711.0,3700.0,18.76,53.16,28.77,127.87,4881.0,24.07,4.37,18.76,0.0,12.49,12.49,12.49,12.49,12.49
2024-04-24,11.08,11.1,10.89,10.94,45024900,3.39,-2873.0,67292.0,950.0,38.5,70.86,42.85,8.68,1224.0,49.61,70.85,38.5,0.0,11.79,11.79,11.79,11.79,11.79,11.84,12.1,11.84,12.04,37013000,2.27,-10104.0,196711.0,3700.0,18.76,53.16,28.77,127.87,4881.0,24.07,4.37,18.76,0.0,12.49,12.49,12.49,12.49,12.49
2024-04-25,10.91,10.94,10.75,10.83,32548600,3.39,-2873.0,67292.0,950.0,38.5,70.86,42.85,8.68,1224.0,49.61,70.85,38.5,0.0,11.79,11.79,11.79,11.79,11.79,12.06,12.1,11.88,12.02,23667800,2.27,-10104.0,196711.0,3700.0,18.76,53.16,28.77,127.87,4881.0,24.07,4.37,18.76,0.0,12.49,12.49,12.49,12.49,12.49
2024-04-26,10.97,11.27,10.87,11.22,60635700,3.39,-2873.0,67292.0,950.0,38.5,70.86,42.85,8.68,1224.0,49.61,70.85,38.5,0.0,11.79,11.79,11.79,11.79,11.79,12.03,12.08,11.98,12.01,16180400,2.27,-10104.0,196711.0,3700.0,18.76,53.16,28.77,127.87,4881.0,24.07,4.37,18.76,0.0,12.49,12.49,12.49,12.49,12.49
2024-04-29,11.2,11.31,11.09,11.14,43235700,3.39,-2873.0,67292.0,950.0,38.5,70.86,42.85,8.68,1224.0,49.61,70.85,38.5,0.0,11.79,11.79,11.79,11.79,11.79,12.0,12.13,11.96,12.1,26520800,2.27,-10104.0,196711.0,3700.0,18.76,53.16,28.77,127.87,4881.0,24.07,4.37,18.76,0.0,12.49,12.49,12.49,12.49,12.49
2024-04-30,11.08,11.08,10.57,10.79,84850200,3.39,-2873.0,67292.0,950.0,38.5,70.86,42.85,8.68,1224.0,49.61,70.85,38.5,0.0,11.79,11.79,11.79,11.79,11.79,12.08,12.37,12.08,12.15,25146600,2.27,-10104.0,196711.0,3700.0,18.76,53.16,28.77,127.87,4881.0,24.07,4.37,18.76,0.0,12.49,12.49,12.49,12.49,12.49
2024-05-02,10.98,11.12,10.8,11.06,45228600,3.39,-2873.0,67292.0,950.0,38.5,70.86,42.85,8.68,1224.0,49.61,70.85,38.5,0.0,11.79,11.79,11.79,11.79,11.79,12.25,12.51,12.25,12.33,27782000,2.27,-10104.0,196711.0,3700.0,18.76,53.16,28.77,127.87,4881.0,24.07,4.37,18.76,0.0,12.49,12.49,12.49,12.49,12.49
2024-05-03,11.34,11.61,11.25,11.39,90899800,3.39,-2873.0,67292.0,950.0,38.5,70.86,42.85,8.68,1224.0,49.61,70.85,38.5,0.0,11.79,11.79,11.79,11.79,11.79,12.47,12.48,12.35,12.37,23380200,2.27,-10104.0,196711.0,3700.0,18.76,53.16,28.77,127.87,4881.0,24.07,4.37,18.76,0.0,12.49,12.49,12.49,12.49,12.49
2024-05-06,11.36,11.58,11.34,11.51,42966900,3.39,-2873.0,67292.0,950.0,38.5,70.86,42.85,8.68,1224.0,49.61,70.85,38.5,0.0,11.79,11.79,11.79,11.79,11.79,12.39,12.51,12.29,12.45,18713000,2.27,-10104.0,196711.0,3700.0,18.76,53.16,28.77,127.87,4881.0,24.07,4.37,18.76,0.0,12.49,12.49,12.49,12.49,12.49
2024-05-07,11.73,11.77,11.58,11.58,34889000,3.39,-2873.0,67292.0,950.0,38.5,70.86,42.85,8.68,1224.0,49.61,70.85,38.5,0.0,11.79,11.79,11.79,11.79,11.79,12.47,12.63,12.46,12.6,27522500,2.27,-10104.0,196711.0,3700.0,18.76,53.16,28.77,127.87,4881.0,24.07,4.37,18.76,0.0,12.49,12.49,12.49,12.49,12.49
2024-05-08,11.52,11.71,11.47,11.67,31077900,3.39,-2873.0,67292.0,950.0,38.5,70.86,42.85,8.68,1224.0,49.61,70.85,38.5,0.0,11.79,11.79,11.79,11.79,11.79,12.39,12.44,11.91,12.17,50692500,2.27,-10104.0,196711.0,3700.0,18.76,53.16,28.77,127.87,4881.0,24.07,4.37,18.76,0.0,12.49,12.49,12.49,12.49,12.49
2024-05-09,11.46,11.51,11.08,11.21,68966400,3.39,-2873.0,67292.0,950.0,38.5,70.86,42.85,8.68,1224.0,49.61,70.85,38.5,0.0,11.79,11.79,11.79,11.79,11.79,11.98,12.2,11.97,12.05,25762900,2.27,-10104.0,196711.0,3700.0,18.76,53.16,28.77,127.87,4881.0,24.07,4.37,18.76,0.0,12.49,12.49,12.49,12.49,12.49
2024-05-10,11.15,11.44,10.92,10.94,118753800,3.39,-2873.0,67292.0,950.0,38.5,70.86,42.85,8.68,1224.0,49.61,70.85,38.5,0.0,11.79,11.79,11.79,11.79,11.79,12.05,12.09,11.95,12.04,29029300,2.27,-10104.0,196711.0,3700.0,18.76,53.16,28.77,127.87,4881.0,24.07,4.37,18.76,0.0,12.49,12.49,12.49,12.49,12.49
2024-05-13,10.95,11.29,10.92,11.23,77187400,3.39,-2873.0,67292.0,950.0,38.5,70.86,42.85,8.68,1224.0,49.61,70.85,38.5,0.0,11.79,11.79,11.79,11.79,11.79,12.07,12.11,11.96,12.06,22472500,2.27,-10104.0,196711.0,3700.0,18.76,53.16,28.77,127.87,4881.0,24.07,4.37,18.76,0.0,12.49,12.49,12.49,12.49,12.49
2024-05-14,11.3,11.6,11.29,11.47,67138300,3.39,-2873.0,67292.0,950.0,38.5,70.86,42.85,8.68,1224.0,49.61,70.85,38.5,0.0,11.79,11.79,11.79,11.79,11.79,12.08,12.25,12.08,12.16,32670400,2.27,-10104.0,196711.0,3700.0,18.76,53.16,28.77,127.87,4881.0,24.07,4.37,18.76,0.0,12.49,12.49,12.49,12.49,12.49
2024-05-15,11.5,11.72,11.47,11.51,41176000,3.39,-2873.0,67292.0,950.0,38.5,70.86,42.85,8.68,1224.0,49.61,70.85,38.5,0.0,11.79,11.79,11.79,11.79,11.79,12.19,12.43,12.17,12.31,36630700,2.27,-10104.0,196711.0,3700.0,18.76,53.16,28.77,127.87,4881.0,24.07,4.37,18.76,0.0,12.49,12.49,12.49,12.49,12.49
2024-05-16,11.6,11.67,11.45,11.58,32593500,3.39,-2873.0,67292.0,950.0,38.5,70.86,42.85,8.68,1224.0,49.61,70.85,38.5,0.0,11.79,11.79,11.79,11.79,11.79,12.45,12.51,12.24,12.38,32475700,2.27,-10104.0,196711.0,3700.0,18.76,53.16,28.77,127.87,4881.0,24.07,4.37,18.76,0.0,12.49,12.49,12.49,12.49,12.49
2024-05-17,11.52,11.61,11.31,11.42,40678300,3.39,-2873.0,67292.0,950.0,38.5,70.86,42.85,8.68,1224.0,49.61,70.85,38.5,0.0,11.79,11.79,11.79,11.79,11.79,12.4,12.41,12.28,12.38,28118800,2.27,-10104.0,196711.0,3700.0,18.76,53.16,28.77,127.87,4881.0,24.07,4.37,18.76,0.0,12.49,12.49,12.49,12.49,12.49
2024-05-20,11.27,11.5,11.17,11.43,44273000,3.39,-2873.0,67292.0,950.0,38.5,70.86,42.85,8.68,1224.0,49.61,70.85,38.5,0.0,11.79,11.79,11.79,11.79,11.79,12.33,12.39,12.05,12.1,38940700,2.27,-10104.0,196711.0,3700.0,18.76,53.16,28.77,127.87,4881.0,24.07,4.37,18.76,0.0,12.49,12.49,12.49,12.49,12.49
2024-05-21,11.28,11.5,11.28,11.41,33561200,3.39,-2873.0,67292.0,950.0,38.5,70.86,42.85,8.68,1224.0,49.61,70.85,38.5,0.0,11.79,11.79,11.79,11.79,11.79,12.1,12.25,12.02,12.02,38371300,2.27,-10104.0,196711.0,3700.0,18.76,53.16,28.77,127.87,4881.0,24.07,4.37,18.76,0.0,12.49,12.49,12.49,12.49,12.49
2024-05-22,11.29,11.38,11.05,11.06,57305300,3.39,-2873.0,67292.0,950.0,38.5,70.86,42.85,8.68,1224.0,49.61,70.85,38.5,0.0,11.79,11.79,11.79,11.79,11.79,11.98,12.11,11.93,11.97,49248200,2.27,-10104.0,196711.0,3700.0,18.76,53.16,28.77,127.87,4881.0,24.07,4.37,18.76,0.0,12.49,12.49,12.49,12.49,12.49
2024-05-23,11.05,11.26,10.93,11.11,54028500,3.39,-2873.0,67292.0,950.0,38.5,70.86,42.85,8.68,1224.0,49.61,70.85,38.5,0.0,11.79,11.79,11.79,11.79,11.79,11.92,12.07,11.92,11.96,28419600,2.27,-10104.0,196711.0,3700.0,18.76,53.16,28.77,127.87,4881.0,24.07,4.37,18.76,0.0,12.49,12.49,12.49,12.49,12.49
2024-05-24,11.08,11.22,11.01,11.14,26333100,3.39,-2873.0,67292.0,950.0,38.5,70.86,42.85,8.68,1224.0,49.61,70.85,38.5,0.0,11.79,11.79,11.79,11.79,11.79,11.96,11.99,11.87,11.87,22790000,2.27,-10104.0,196711.0,3700.0,18.76,53.16,28.77,127.87,4881.0,24.07,4.37,18.76,0.0,12.49,12.49,12.49,12.49,12.49
2024-05-27,11.15,11.24,11.02,11.1,14463100,3.39,-2873.0,67292.0,950.0,38.5,70.86,42.85,8.68,1224.0,49.61,70.85,38.5,0.0,11.79,11.79,11.79,11.79,11.79,11.93,11.95,11.79,11.81,16530500,2.27,-10104.0,196711.0,3700.0,18.76,53.16,28.77,127.87,4881.0,24.07,4.37,18.76,0.0,12.49,12.49,12.49,12.49,12.49
2024-05-28,11.21,11.26,11.03,11.07,39515600,3.39,-2873.0,67292.0,950.0,38.5,70.86,42.85,8.68,1224.0,49.61,70.85,38.5,0.0,11.79,11.79,11.79,11.79,11.79,11.89,11.89,11.56,11.59,40481600,2.27,-10104.0,196711.0,3700.0,18.76,53.16,28.77,127.87,4881.0,24.07,4.37,18.76,0.0,12.49,12.49,12.49,12.49,12.49
2024-05-29,10.99,11.14,10.85,10.88,61738900,3.39,-2873.0,67292.0,950.0,38.5,70.86,42.85,8.68,1224.0,49.61,70.85,38.5,0.0,11.79,11.79,11.79,11.79,11.79,11.53,11.61,11.34,11.52,34350900,2.27,-10104.0,196711.0,3700.0,18.76,53.16,28.77,127.87,4881.0,24.07,4.37,18.76,0.0,12.49,12.49,12.49,12.49,12.49
2024-05-31,10.88,10.88,10.7,10.7,74029300,3.39,-2873.0,67292.0,950.0,38.5,70.86,42.85,8.68,1224.0,49.61,70.85,38.5,0.0,11.79,11.79,11.79,11.79,11.79,11.46,11.66,11.46,11.56,62942000,2.27,-10104.0,196711.0,3700.0,18.76,53.16,28.77,127.87,4881.0,24.07,4.37,18.76,0.0,12.49,12.49,12.49,12.49,12.49
2024-06-03,10.74,10.85,10.66,10.69,38467100,3.39,-2873.0,67292.0,950.0,38.5,70.86,42.85,8.68,1224.0,49.61,70.85,38.5,0.0,11.79,11.79,11.79,11.79,11.79,11.57,11.7,11.46,11.55,24967400,2.27,-10104.0,196711.0,3700.0,18.76,53.16,28.77,127.87,4881.0,24.07,4.37,18.76,0.0,12.49,12.49,12.49,12.49,12.49
2024-06-04,10.7,10.82,10.64,10.71,23975600,3.39,-2873.0,67292.0,950.0,38.5,70.86,42.85,8.68,1224.0,49.61,70.85,38.5,0.0,11.79,11.79,11.79,11.79,11.79,11.57,11.73,11.44,11.69,36455800,2.27,-10104.0,196711.0,3700.0,18.76,53.16,28.77,127.87,4881.0,24.07,4.37,18.76,0.0,12.49,12.49,12.49,12.49,12.49
2024-06-05,10.71,10.81,10.65,10.74,33540500,3.39,-2873.0,67292.0,950.0,38.5,70.86,42.85,8.68,1224.0,49.61,70.85,38.5,0.0,11.79,11.79,11.79,11.79,11.79,11.69,11.8,11.52,11.57,35635900,2.27,-10104.0,196711.0,3700.0,18.76,53.16,28.77,127.87,4881.0,24.07,4.37,18.76,0.0,12.49,12.49,12.49,12.49,12.49
2024-06-06,10.74,11.15,10.72,11.08,37945300,3.39,-2873.0,67292.0,950.0,38.5,70.86,42.85,8.68,1224.0,49.61,70.85,38.5,0.0,11.79,11.79,11.79,11.79,11.79,11.54,11.84,11.54,11.82,34548200,2.27,-10104.0,196711.0,3700.0,18.76,53.16,28.77,127.87,4881.0,24.07,4.37,18.76,0.0,12.49,12.49,12.49,12.49,12.49
2024-06-07,10.9,10.99,10.73,10.75,29214600,3.39,-2873.0,67292.0,950.0,38.5,70.86,42.85,8.68,1224.0,49.61,70.85,38.5,0.0,11.79,11.79,11.79,11.79,11.79,11.71,11.76,11.53,11.56,32079700,2.27,-10104.0,196711.0,3700.0,18.76,53.16,28.77,127.87,4881.0,24.07,4.37,18.76,0.0,12.49,12.49,12.49,12.49,12.49
2024-06-10,10.75,10.77,10.49,10.49,31506500,3.39,-2873.0,67292.0,950.0,38.5,70.86,42.85,8.68,1224.0,49.61,70.85,38.5,0.0,11.79,11.79,11.79,11.79,11.79,11.52,11.58,11.43,11.46,23774700,2.27,-10104.0,196711.0,3700.0,18.76,53.16,28.77,127.87,4881.0,24.07,4.37,18.76,0.0,12.49,12.49,12.49,12.49,12.49
2024-06-11,10.58,10.65,10.5,10.55,46968400,3.39,-2873.0,67292.0,950.0,38.5,70.86,42.85,8.68,1224.0,49.61,70.85,38.5,0.0,11.79,11.79,11.79,11.79,11.79,11.57,11.57,11.39,11.4,20061200,2.27,-10104.0,196711.0,3700.0,18.76,53.16,28.77,127.87,4881.0,24.07,4.37,18.76,0.0,12.49,12.49,12.49,12.49,12.49
2024-06-12,10.7,10.73,10.27,10.4,53011400,3.39,-2873.0,67292.0,950.0,38.5,70.86,42.85,8.68,1224.0,49.61,70.85,38.5,0.0,11.79,11.79,11.79,11.79,11.79,11.45,11.47,11.19,11.27,40929700,2.27,-10104.0,196711.0,3700.0,18.76,53.16,28.77,127.87,4881.0,24.07,4.37,18.76,0.0,12.49,12.49,12.49,12.49,12.49
2024-06-13,10.31,10.39,10.05,10.08,80030000,3.39,-2873.0,67292.0,950.0,38.5,70.86,42.85,8.68,1224.0,49.61,70.85,38.5,0.0,11.79,11.79,11.79,11.79,11.79,11.17,11.21,11.07,11.09,39287400,2.27,-10104.0,196711.0,3700.0,18.76,53.16,28.77,127.87,4881.0,24.07,4.37,18.76,0.0,12.49,12.49,12.49,12.49,12.49
2024-06-14,10.1,10.42,10.05,10.37,33385900,3.39,-2873.0,67292.0,950.0,38.5,70.86,42.85,8.68,1224.0,49.61,70.85,38.5,0.0,11.79,11.79,11.79,11.79,11.79,11.09,11.28,10.98,11.24,22356900,2.27,-10104.0,196711.0,3700.0,18.76,53.16,28.77,127.87,4881.0,24.07,4.37,18.76,0.0,12.49,12.49,12.49,12.49,12.49
2024-06-17,10.3,10.57,10.29,10.56,36269600,3.39,-2873.0,67292.0,950.0,38.5,70.86,42.85,8.68,1224.0,49.61,70.85,38.5,0.0,11.79,11.79,11.79,11.79,11.79,11.21,11.33,11.19,11.24,18072300,2.27,-10104.0,196711.0,3700.0,18.76,53.16,28.77,127.87,4881.0,24.07,4.37,18.76,0.0,12.49,12.49,12.49,12.49,12.49
2024-06-18,10.5,10.71,10.46,10.61,39203100,3.39,-2873.0,67292.0,950.0,38.5,70.86,42.85,8.68,1224.0,49.61,70.85,38.5,0.0,11.79,11.79,11.79,11.79,11.79,11.19,11.37,11.16,11.25,37284200,2.27,-10104.0,196711.0,3700.0,18.76,53.16,28.77,127.87,4881.0,24.07,4.37,18.76,0.0,12.49,12.49,12.49,12.49,12.49
2024-06-19,10.44,10.54,10.29,10.46,31571600,3.39,-2873.0,67292.0,950.0,38.5,70.86,42.85,8.68,1224.0,49.61,70.85,38.5,0.0,11.79,11.79,11.79,11.79,11.79,11.18,11.23,11.04,11.2,17907100,2.27,-10104.0,196711.0,3700.0,18.76,53.16,28.77,127.87,4881.0,24.07,4.37,18.76,0.0,12.49,12.49,12.49,12.49,12.49
2024-06-20,10.61,10.65,10.3,10.32,35005600,3.39,-2873.0,67292.0,950.0,38.5,70.86,42.85,8.68,1224.0,49.61,70.85,38.5,0.0,11.79,11.79,11.79,11.79,11.79,11.25,11.4,11.2,11.28,29501600,2.27,-10104.0,196711.0,3700.0,18.76,53.16,28.77,127.87,4881.0,24.07,4.37,18.76,0.0,12.49,12.49,12.49,12.49,12.49
2024-06-21,10.33,10.44,10.28,10.39,52259900,3.39,-2873.0,67292.0,950.0,38.5,70.86,42.85,8.68,1224.0,49.61,70.85,38.5,0.0,11.79,11.79,11.79,11.79,11.79,11.21,11.38,11.21,11.28,53470500,2.27,-10104.0,196711.0,3700.0,18.76,53.16,28.77,127.87,4881.0,24.07,4.37,18.76,0.0,12.49,12.49,12.49,12.49,12.49
2024-06-24,10.47,10.67,10.38,10.51,25130500,3.39,-2873.0,67292.0,950.0,38.5,70.86,42.85,8.68,1224.0,49.61,70.85,38.5,0.0,11.79,11.79,11.79,11.79,11.79,11.26,11.4,11.22,11.32,32197300,2.27,-10104.0,196711.0,3700.0,18.76,53.16,28.77,127.87,4881.0,24.07,4.37,18.76,0.0,12.49,12.49,12.49,12.49,12.49
2024-06-25,10.47,10.48,10.28,10.32,33772800,3.39,-2873.0,67292.0,950.0,38.5,70.86,42.85,8.68,1224.0,49.61,70.85,38.5,0.0,11.79,11.79,11.79,11.79,11.79,11.25,11.41,11.21,11.38,43592000,2.27,-10104.0,196711.0,3700.0,18.76,53.16,28.77,127.87,4881.0,24.07,4.37,18.76,0.0,12.49,12.49,12.49,12.49,12.49
2024-06-26,10.14,10.28,10.07,10.22,47855200,3.39,-2873.0,67292.0,950.0,38.5,70.86,42.85,8.68,1224.0,49.61,70.85,38.5,0.0,11.79,11.79,11.79,11.79,11.79,11.3,11.52,11.27,11.45,26265300,2.27,-10104.0,196711.0,3700.0,18.76,53.16,28.77,127.87,4881.0,24.07,4.37,18.76,0.0,12.49,12.49,12.49,12.49,12.49
2024-06-27,10.23,10.43,10.19,10.4,24010200,3.39,-2873.0,67292.0,950.0,38.5,70.86,42.85,8.68,1224.0,49.61,70.85,38.5,0.0,11.79,11.79,11.79,11.79,11.79,11.46,11.54,11.38,11.46,21499700,2.27,-10104.0,196711.0,3700.0,18.76,53.16,28.77,127.87,4881.0,24.07,4.37,18.76,0.0,12.49,12.49,12.49,12.49,12.49
2024-06-28,10.39,10.43,10.14,10.24,25537700,3.39,-2873.0,67292.0,950.0,38.5,70.86,42.85,8.68,1224.0,49.61,70.85,38.5,0.0,11.79,11.79,11.79,11.79,11.79,11.43,11.48,11.16,11.41,51418600,2.27,-10104.0,196711.0,3700.0,18.76,53.16,28.77,127.87,4881.0,24.07,4.37,18.76,0.0,12.49,12.49,12.49,12.49,12.49
2024-07-01,10.23,10.52,10.19,10.47,48451600,3.39,-2873.0,67292.0,950.0,38.5,70.86,42.85,8.68,1224.0,49.61,70.85,38.5,0.0,11.79,11.79,11.79,11.79,11.79,11.42,11.5,11.33,11.45,19515400,2.27,-10104.0,196711.0,3700.0,18.76,53.16,28.77,127.87,4881.0,24.07,4.37,18.76,0.0,12.49,12.49,12.49,12.49,12.49
2024-07-02,10.49,10.55,10.41,10.45,44061200,3.39,-2873.0,67292.0,950.0,38.5,70.86,42.85,8.68,1224.0,49.61,70.85,38.5,0.0,11.79,11.79,11.79,11.79,11.79,11.45,11.58,11.39,11.46,20259500,2.27,-10104.0,196711.0,3700.0,18.76,53.16,28.77,127.87,4881.0,24.07,4.37,18.76,0.0,12.49,12.49,12.49,12.49,12.49
2024-07-03,10.59,10.63,10.42,10.43,53846200,3.39,-2873.0,67292.0,950.0,38.5,70.86,42.85,8.68,1224.0,49.61,70.85,38.5,0.0,11.79,11.79,11.79,11.79,11.79,11.54,11.57,11.36,11.38,32807200,2.27,-10104.0,196711.0,3700.0,18.76,53.16,28.77,127.87,4881.0,24.07,4.37,18.76,0.0,12.49,12.49,12.49,12.49,12.49
2024-07-04,10.49,10.65,10.46,10.58,42220000,3.39,-2873.0,67292.0,950.0,38.5,70.86,42.85,8.68,1224.0,49.61,70.85,38.5,0.0,11.79,11.79,11.79,11.79,11.79,11.45,11.46,11.37,11.45,7438600,2.27,-10104.0,196711.0,3700.0,18.76,53.16,28.77,127.87,4881.0,24.07,4.37,18.76,0.0,12.49,12.49,12.49,12.49,12.49
2024-07-05,10.64,10.64,10.4,10.52,24797300,3.39,-2873.0,67292.0,950.0,38.5,70.86,42.85,8.68,1224.0,49.61,70.85,38.5,0.0,11.79,11.79,11.79,11.79,11.79,11.45,11.48,11.23,11.32,39021700,2.27,-10104.0,196711.0,3700.0,18.76,53.16,28.77,127.87,4881.0,24.07,4.37,18.76,0.0,12.49,12.49,12.49,12.49,12.49
2024-07-08,10.43,10.76,10.43,10.69,45874000,3.39,-2873.0,67292.0,950.0,38.5,70.86,42.85,8.68,1224.0,49.61,70.85,38.5,0.0,11.79,11.79,11.79,11.79,11.79,11.33,11.35,11.24,11.25,28570100,2.27,-10104.0,196711.0,3700.0,18.76,53.16,28.77,127.87,4881.0,24.07,4.37,18.76,0.0,12.49,12.49,12.49,12.49,12.49
2024-07-09,10.68,10.74,10.56,10.62,23203400,3.39,-2873.0,67292.0,950.0,38.5,70.86,42.85,8.68,1224.0,49.61,70.85,38.5,0.0,11.79,11.79,11.79,11.79,11.79,11.25,11.3,11.18,11.25,25686000,2.27,-10104.0,196711.0,3700.0,18.76,53.16,28.77,127.87,4881.0,24.07,4.37,18.76,0.0,12.49,12.49,12.49,12.49,12.49
2024-07-10,10.7,10.73,10.63,10.73,44543000,3.39,-2873.0,67292.0,950.0,38.5,70.86,42.85,8.68,1224.0,49.61,70.85,38.5,0.0,11.79,11.79,11.79,11.79,11.79,11.32,11.46,11.24,11.4,29040100,2.27,-10104.0,196711.0,3700.0,18.76,53.16,28.77,127.87,4881.0,24.07,4.37,18.76,0.0,12.49,12.49,12.49,12.49,12.49
2024-07-11,10.84,11.11,10.73,11.05,60570000,3.39,-2873.0,67292.0,950.0,38.5,70.86,42.85,8.68,1224.0,49.61,70.85,38.5,0.0,11.79,11.79,11.79,11.79,11.79,11.45,11.67,11.4,11.53,22185700,2.27,-10104.0,196711.0,3700.0,18.76,53.16,28.77,127.87,4881.0,24.07,4.37,18.76,0.0,12.49,12.49,12.49,12.49,12.49
2024-07-12,11.05,11.52,11.03,11.51,69549900,3.39,-2873.0,67292.0,950.0,38.5,70.86,42.85,8.68,1224.0,49.61,70.85,38.5,0.0,11.79,11.79,11.79,11.79,11.79,11.51,11.66,11.51,11.64,16859800,2.27,-10104.0,196711.0,3700.0,18.76,53.16,28.77,127.87,4881.0,24.07,4.37,18.76,0.0,12.49,12.49,12.49,12.49,12.49
2024-07-15,11.5,11.56,11.43,11.46,25362600,3.39,-2873.0,67292.0,950.0,38.5,70.86,42.85,8.68,1224.0,49.61,70.85,38.5,0.0,11.79,11.79,11.79,11.79,11.79,11.66,11.66,11.56,11.64,12421100,2.27,-10104.0,196711.0,3700.0,18.76,53.16,28.77,127.87,4881.0,24.07,4.37,18.76,0.0,12.49,12.49,12.49,12.49,12.49
2024-07-16,11.45,11.69,11.45,11.48,27642600,3.39,-2873.0,67292.0,950.0,38.5,70.86,42.85,8.68,1224.0,49.61,70.85,38.5,0.0,11.79,11.79,11.79,11.79,11.79,11.63,11.7,11.58,11.7,19050600,2.27,-10104.0,196711.0,3700.0,18.76,53.16,28.77,127.87,4881.0,24.07,4.37,18.76,0.0,12.49,12.49,12.49,12.49,12.49
2024-07-17,11.51,11.56,11.4,11.49,32806900,3.39,-2873.0,67292.0,950.0,38.5,70.86,42.85,8.68,1224.0,49.61,70.85,38.5,0.0,11.79,11.79,11.79,11.79,11.79,11.71,11.91,11.66,11.82,30589900,2.27,-10104.0,196711.0,3700.0,18.76,53.16,28.77,127.87,4881.0,24.07,4.37,18.76,0.0,12.49,12.49,12.49,12.49,12.49
2024-07-18,11.42,11.51,11.13,11.17,46897800,3.39,-2873.0,67292.0,950.0,38.5,70.86,42.85,8.68,1224.0,49.61,70.85,38.5,0.0,11.79,11.79,11.79,11.79,11.79,11.76,11.86,11.64,11.67,30271600,2.27,-10104.0,196711.0,3700.0,18.76,53.16,28.77,127.87,4881.0,24.07,4.37,18.76,0.0,12.49,12.49,12.49,12.49,12.49
2024-07-19,11.22,11.36,11.15,11.17,25877800,3.39,-2873.0,67292.0,950.0,38.5,70.86,42.85,8.68,1224.0,49.61,70.85,38.5,0.0,11.79,11.79,11.79,11.79,11.79,11.65,11.77,11.65,11.73,22774900,2.27,-10104.0,196711.0,3700.0,18.76,53.16,28.77,127.87,4881.0,24.07,4.37,18.76,0.0,12.49,12.49,12.49,12.49,12.49
2024-07-22,11.18,11.44,11.13,11.29,17799800,3.39,-2873.0,67292.0,950.0,38.5,70.86,42.85,8.68,1224.0,49.61,70.85,38.5,0.0,11.79,11.79,11.79,11.79,11.79,11.67,11.86,11.65,11.81,23809300,2.27,-10104.0,196711.0,3700.0,18.76,53.16,28.77,127.87,4881.0,24.07,4.37,18.76,0.0,12.49,12.49,12.49,12.49,12.49
2024-07-23,11.29,11.32,11.17,11.18,20302200,3.39,-2873.0,67292.0,950.0,38.5,70.86,42.85,8.68,1224.0,49.61,70.85,38.5,0.0,11.79,11.79,11.79,11.79,11.79,11.81,11.83,11.74,11.78,20161400,2.27,-10104.0,196711.0,3700.0,18.76,53.16,28.77,127.87,4881.0,24.07,4.37,18.76,0.0,12.49,12.49,12.49,12.49,12.49
2024-07-24,11.11,11.16,11.03,11.03,18716400,3.39,-2873.0,67292.0,950.0,38.5,70.86,42.85,8.68,1224.0,49.61,70.85,38.5,0.0,11.79,11.79,11.79,11.79,11.79,11.75,11.87,11.73,11.79,22727500,2.27,-10104.0,196711.0,3700.0,18.76,53.16,28.77,127.87,4881.0,24.07,4.37,18.76,0.0,12.49,12.49,12.49,12.49,12.49
2024-07-25,10.97,11.06,10.82,10.9,16615700,3.39,-2873.0,67292.0,950.0,38.5,70.86,42.85,8.68,1224.0,49.61,70.85,38.5,0.0,11.79,11.79,11.79,11.79,11.79,11.79,11.92,11.73,11.85,21585700,2.27,-10104.0,196711.0,3700.0,18.76,53.16,28.77,127.87,4881.0,24.07,4.37,18.76,0.0,12.49,12.49,12.49,12.49,12.49
2024-07-26,10.88,11.04,10.81,10.95,19124000,3.39,-2873.0,67292.0,950.0,38.5,70.86,42.85,8.68,1224.0,49.61,70.85,38.5,0.0,11.79,11.79,11.79,11.79,11.79,11.82,11.88,11.75,11.88,23201600,2.27,-10104.0,196711.0,3700.0,18.76,53.16,28.77,127.87,4881.0,24.07,4.37,18.76,0.0,12.49,12.49,12.49,12.49,12.49
2024-07-29,10.95,10.98,10.82,10.85,16649600,3.39,-2873.0,67292.0,950.0,38.5,70.86,42.85,8.68,1224.0,49.61,70.85,38.5,0.0,11.79,11.79,11.79,11.79,11.79,11.87,11.88,11.76,11.82,38125500,2.27,-10104.0,196711.0,3700.0,18.76,53.16,28.77,127.87,4881.0,24.07,4.37,18.76,0.0,12.49,12.49,12.49,12.49,12.49
2024-07-30,10.78,10.84,10.68,10.76,21917500,3.39,-2873.0,67292.0,950.0,38.5,70.86,42.85,8.68,1224.0,49.61,70.85,38.5,0.0,11.79,11.79,11.79,11.79,11.79,11.79,11.81,11.64,11.64,29077200,2.27,-10104.0,196711.0,3700.0,18.76,53.16,28.77,127.87,4881.0,24.07,4.37,18.76,0.0,12.49,12.49,12.49,12.49,12.49
2024-07-31,10.78,10.86,10.67,10.85,32559100,3.39,-2873.0,67292.0,950.0,38.5,70.86,42.85,8.68,1224.0,49.61,70.85,38.5,0.0,11.79,11.79,11.79,11.79,11.79,11.6,11.73,11.51,11.58,66719000,2.27,-10104.0,196711.0,3700.0,18.76,53.16,28.77,127.87,4881.0,24.07,4.37,18.76,0.0,12.49,12.49,12.49,12.49,12.49
2024-08-01,10.87,11.26,10.77,10.87,46829600,3.39,-2873.0,67292.0,950.0,38.5,70.86,42.85,8.68,1224.0,49.61,70.85,38.5,0.0,11.79,11.79,11.79,11.79,11.79,11.75,11.99,11.63,11.74,37947400,2.27,-10104.0,196711.0,3700.0,18.76,53.16,28.77,127.87,4881.0,24.07,4.37,18.76,0.0,12.49,12.49,12.49,12.49,12.49
2024-08-02,10.9,11.08,10.76,10.86,51921800,3.39,-2873.0,67292.0,950.0,38.5,70.86,42.85,8.68,1224.0,49.61,70.85,38.5,0.0,11.79,11.79,11.79,11.79,11.79,11.7,11.87,11.69,11.87,29723800,2.27,-10104.0,196711.0,3700.0,18.76,53.16,28.77,127.87,4881.0,24.07,4.37,18.76,0.0,12.49,12.49,12.49,12.49,12.49
2024-08-05,10.47,10.87,10.43,10.86,39632900,3.39,-2873.0,67292.0,950.0,38.5,70.86,42.85,8.68,1224.0,49.61,70.85,38.5,0.0,11.79,11.79,11.79,11.79,11.79,11.83,11.91,11.58,11.85,28528000,2.27,-10104.0,196711.0,3700.0,18.76,53.16,28.77,127.87,4881.0,24.07,4.37,18.76,0.0,12.49,12.49,12.49,12.49,12.49
2024-08-06,10.98,11.07,10.61,10.89,31887700,3.39,-2873.0,67292.0,950.0,38.5,70.86,42.85,8.68,1224.0,49.61,70.85,38.5,0.0,11.79,11.79,11.79,11.79,11.79,11.81,12.11,11.8,12.01,27415700,2.27,-10104.0,196711.0,3700.0,18.76,53.16,28.77,127.87,4881.0,24.07,4.37,18.76,0.0,12.49,12.49,12.49,12.49,12.49
2024-08-07,10.98,11.17,10.92,11.14,26401800,3.39,-2873.0,67292.0,950.0,38.5,70.86,42.85,8.68,1224.0,49.61,70.85,38.5,0.0,11.79,11.79,11.79,11.79,11.79,12.07,12.56,12.04,12.51,48591300,2.27,-10104.0,196711.0,3700.0,18.76,53.16,28.77,127.87,4881.0,24.07,4.37,18.76,0.0,12.49,12.49,12.49,12.49,12.49
2024-08-08,11.15,11.36,11.09,11.35,25036600,3.39,-2873.0,67292.0,950.0,38.5,70.86,42.85,8.68,1224.0,49.61,70.85,38.5,0.0,11.79,11.79,11.79,11.79,11.79,12.46,12.56,12.31,12.36,28173200,2.27,-10104.0,196711.0,3700.0,18.76,53.16,28.77,127.87,4881.0,24.07,4.37,18.76,0.0,12.49,12.49,12.49,12.49,12.49
2024-08-09,11.71,12.13,11.61,12.02,57161200,3.39,-2873.0,67292.0,950.0,38.5,70.86,42.85,8.68,1224.0,49.61,70.85,38.5,0.0,11.79,11.79,11.79,11.79,11.79,12.44,12.48,12.31,12.45,19122000,2.27,-10104.0,196711.0,3700.0,18.76,53.16,28.77,127.87,4881.0,24.07,4.37,18.76,0.0,12.49,12.49,12.49,12.49,12.49
2024-08-12,12.09,12.29,12.04,12.2,43079700,3.39,-2873.0,67292.0,950.0,38.5,70.86,42.85,8.68,1224.0,49.61,70.85,38.5,0.0,11.79,11.79,11.79,11.79,11.79,12.5,12.55,12.39,12.39,17501300,2.27,-10104.0,196711.0,3700.0,18.76,53.16,28.77,127.87,4881.0,24.07,4.37,18.76,0.0,12.49,12.49,12.49,12.49,12.49
2024-08-13,12.29,12.64,12.24,12.64,42332500,3.39,-2873.0,67292.0,950.0,38.5,70.86,42.85,8.68,1224.0,49.61,70.85,38.5,0.0,11.79,11.79,11.79,11.79,11.79,12.47,12.66,12.41,12.57,30082000,2.27,-10104.0,196711.0,3700.0,18.76,53.16,28.77,127.87,4881.0,24.07,4.37,18.76,0.0,12.49,12.49,12.49,12.49,12.49
2024-08-14,12.65,12.8,12.52,12.7,44443400,3.39,-2873.0,67292.0,950.0,38.5,70.86,42.85,8.68,1224.0,49.61,70.85,38.5,0.0,11.79,11.79,11.79,11.79,11.79,12.57,12.69,12.54,12.56,22128400,2.27,-10104.0,196711.0,3700.0,18.76,53.16,28.77,127.87,4881.0,24.07,4.37,18.76,0.0,12.49,12.49,12.49,12.49,12.49
2024-08-15,12.7,12.83,12.61,12.71,25924400,3.39,-2873.0,67292.0,950.0,38.5,70.86,42.85,8.68,1224.0,49.61,70.85,38.5,0.0,11.79,11.79,11.79,11.79,11.79,12.65,13.15,12.58,13.03,48543500,2.27,-10104.0,196711.0,3700.0,18.76,53.16,28.77,127.87,4881.0,24.07,4.37,18.76,0.0,12.49,12.49,12.49,12.49,12.49
2024-08-16,12.8,12.92,12.41,12.49,32001400,3.39,-2873.0,67292.0,950.0,38.5,70.86,42.85,8.68,1224.0,49.61,70.85,38.5,0.0,11.79,11.79,11.79,11.79,11.79,13.15,13.4,13.01,13.01,39842400,2.27,-10104.0,196711.0,3700.0,18.76,53.16,28.77,127.87,4881.0,24.07,4.37,18.76,0.0,12.49,12.49,12.49,12.49,12.49
2024-08-19,12.61,12.91,12.55,12.79,31024400,3.39,-2873.0,67292.0,950.0,38.5,70.86,42.85,8.68,1224.0,49.61,70.85,38.5,0.0,11.79,11.79,11.79,11.79,11.79,13.04,13.1,12.96,13.01,29029900,2.27,-10104.0,196711.0,3700.0,18.76,53.16,28.77,127.87,4881.0,24.07,4.37,18.76,0.0,12.49,12.49,12.49,12.49,12.49
2024-08-20,12.77,13.02,12.76,12.9,47554300,3.39,-2873.0,67292.0,950.0,38.5,70.86,42.85,8.68,1224.0,49.61,70.85,38.5,0.0,11.79,11.79,11.79,11.79,11.79,12.99,13.04,12.87,12.94,16424000,2.27,-10104.0,196711.0,3700.0,18.76,53.16,28.77,127.87,4881.0,24.07,4.37,18.76,0.0,12.49,12.49,12.49,12.49,12.49
2024-08-21,12.96,12.96,12.83,12.96,55896700,3.39,-2873.0,67292.0,950.0,38.5,70.86,42.85,8.68,1224.0,49.61,70.85,38.5,0.0,11.79,11.79,11.79,11.79,11.79,12.92,13.04,12.84,12.94,24177300,2.27,-10104.0,196711.0,3700.0,18.76,53.16,28.77,127.87,4881.0,24.07,4.37,18.76,0.0,12.49,12.49,12.49,12.49,12.49
2024-08-22,12.89,12.96,12.5,12.54,43486300,3.39,-2873.0,67292.0,950.0,38.5,70.86,42.85,8.68,1224.0,49.61,70.85,38.5,0.0,11.79,11.79,11.79,11.79,11.79,12.95,13.03,12.91,13.0,25724200,2.27,-10104.0,196711.0,3700.0,18.76,53.16,28.77,127.87,4881.0,24.07,4.37,18.76,0.0,12.49,12.49,12.49,12.49,12.49
2024-08-23,12.65,12.85,12.54,12.74,58243700,3.39,-2873.0,67292.0,950.0,38.5,70.86,42.85,8.68,1224.0,49.61,70.85,38.5,0.0,11.79,11.79,11.79,11.79,11.79,13.06,13.21,13.05,13.08,33099000,2.27,-10104.0,196711.0,3700.0,18.76,53.16,28.77,127.87,4881.0,24.07,4.37,18.76,0.0,12.49,12.49,12.49,12.49,12.49
2024-08-26,12.8,12.85,12.7,12.8,29501300,3.39,-2873.0,67292.0,950.0,38.5,70.86,42.85,8.68,1224.0,49.61,70.85,38.5,0.0,11.79,11.79,11.79,11.79,11.79,13.11,13.22,13.01,13.08,20467700,2.27,-10104.0,196711.0,3700.0,18.76,53.16,28.77,127.87,4881.0,24.07,4.37,18.76,0.0,12.49,12.49,12.49,12.49,12.49
2024-08-27,12.8,12.83,12.62,12.65,39600600,3.39,-2873.0,67292.0,950.0,38.5,70.86,42.85,8.68,1224.0,49.61,70.85,38.5,0.0,11.79,11.79,11.79,11.79,11.79,13.02,13.12,12.95,13.03,22335000,2.27,-10104.0,196711.0,3700.0,18.76,53.16,28.77,127.87,4881.0,24.07,4.37,18.76,0.0,12.49,12.49,12.49,12.49,12.49
2024-08-28,12.57,12.76,12.56,12.7,30210200,3.39,-2873.0,67292.0,950.0,38.5,70.86,42.85,8.68,1224.0,49.61,70.85,38.5,0.0,11.79,11.79,11.79,11.79,11.79,13.04,13.07,12.81,12.95,21175200,2.27,-10104.0,196711.0,3700.0,18.76,53.16,28.77,127.87,4881.0,24.07,4.37,18.76,0.0,12.49,12.49,12.49,12.49,12.49
2024-08-29,12.6,12.67,12.43,12.54,39235500,3.39,-2873.0,67292.0,950.0,38.5,70.86,42.85,8.68,1224.0,49.61,70.85,38.5,0.0,11.79,11.79,11.79,11.79,11.79,12.93,12.98,12.79,12.86,17873300,2.27,-10104.0,196711.0,3700.0,18.76,53.16,28.77,127.87,4881.0,24.07,4.37,18.76,0.0,12.49,12.49,12.49,12.49,12.49
2024-08-30,12.43,12.7,12.37,12.68,118454800,3.39,-2873.0,67292.0,950.0,38.5,70.86,42.85,8.68,1224.0,49.61,70.85,38.5,0.0,11.79,11.79,11.79,11.79,11.79,12.77,12.87,12.75,12.86,50852200,2.27,-10104.0,196711.0,3700.0,18.76,53.16,28.77,127.87,4881.0,24.07,4.37,18.76,0.0,12.49,12.49,12.49,12.49,12.49
2024-09-02,12.59,12.64,12.37,12.43,15680500,3.39,-2873.0,67292.0,950.0,38.5,70.86,42.85,8.68,1224.0,49.61,70.85,38.5,0.0,11.79,11.79,11.79,11.79,11.79,12.81,12.89,12.7,12.87,12639100,2.27,-10104.0,196711.0,3700.0,18.76,53.16,28.77,127.87,4881.0,24.07,4.37,18.76,0.0,12.49,12.49,12.49,12.49,12.49
2024-09-03,12.45,12.52,12.12,12.15,38221000,3.39,-2873.0,67292.0,950.0,38.5,70.86,42.85,8.68,1224.0,49.61,70.85,38.5,0.0,11.79,11.79,11.79,11.79,11.79,12.91,12.95,12.78,12.8,19701100,2.27,-10104.0,196711.0,3700.0,18.76,53.16,28.77,127.87,4881.0,24.07,4.37,18.76,0.0,12.49,12.49,12.49,12.49,12.49
2024-09-04,12.12,12.77,12.12,12.55,44741500,3.39,-2873.0,67292.0,950.0,38.5,70.86,42.85,8.68,1224.0,49.61,70.85,38.5,0.0,11.79,11.79,11.79,11.79,11.79,12.84,13.05,12.82,12.99,22848700,2.27,-10104.0,196711.0,3700.0,18.76,53.16,28.77,127.87,4881.0,24.07,4.37,18.76,0.0,12.49,12.49,12.49,12.49,12.49
2024-09-05,12.53,12.6,12.43,12.59,18944700,3.39,-2873.0,67292.0,950.0,38.5,70.86,42.85,8.68,1224.0,49.61,70.85,38.5,0.0,11.79,11.79,11.79,11.79,11.79,12.94,13.02,12.92,12.97,14577100,2.27,-10104.0,196711.0,3700.0,18.76,53.16,28.77,127.87,4881.0,24.07,4.37,18.76,0.0,12.49,12.49,12.49,12.49,12.49
2024-09-06,12.51,12.55,12.22,12.23,27784200,3.39,-2873.0,67292.0,950.0,38.5,70.86,42.85,8.68,1224.0,49.61,70.85,38.5,0.0,11.79,11.79,11.79,11.79,11.79,12.92,13.07,12.91,12.99,20976300,2.27,-10104.0,196711.0,3700.0,18.76,53.16,28.77,127.87,4881.0,24.07,4.37,18.76,0.0,12.49,12.49,12.49,12.49,12.49
2024-09-09,12.23,12.33,12.21,12.3,13782900,3.39,-2873.0,67292.0,950.0,38.5,70.86,42.85,8.68,1224.0,49.61,70.85,38.5,0.0,11.79,11.79,11.79,11.79,11.79,12.99,13.21,12.97,13.11,35098100,2.27,-10104.0,196711.0,3700.0,18.76,53.16,28.77,127.87,4881.0,24.07,4.37,18.76,0.0,12.49,12.49,12.49,12.49,12.49
2024-09-10,12.22,12.46,12.17,12.44,70072700,3.39,-2873.0,67292.0,950.0,38.5,70.86,42.85,8.68,1224.0,49.61,70.85,38.5,0.0,11.79,11.79,11.79,11.79,11.79,13.01,13.32,13.01,13.24,27649100,2.27,-10104.0,196711.0,3700.0,18.76,53.16,28.77,127.87,4881.0,24.07,4.37,18.76,0.0,12.49,12.49,12.49,12.49,12.49
2024-09-11,12.19,12.25,11.84,12.13,62897400,3.39,-2873.0,67292.0,950.0,38.5,70.86,42.85,8.68,1224.0,49.61,70.85,38.5,0.0,11.79,11.79,11.79,11.79,11.79,13.3,13.3,13.02,13.04,21490600,2.27,-10104.0,196711.0,3700.0,18.76,53.16,28.77,127.87,4881.0,24.07,4.37,18.76,0.0,12.49,12.49,12.49,12.49,12.49
2024-09-12,12.15,12.28,11.94,12.05,47159100,3.39,-2873.0,67292.0,950.0,38.5,70.86,42.85,8.68,1224.0,49.61,70.85,38.5,0.0,11.79,11.79,11.79,11.79,11.79,12.96,12.99,12.76,12.91,34492700,2.27,-10104.0,196711.0,3700.0,18.76,53.16,28.77,127.87,4881.0,24.07,4.37,18.76,0.0,12.49,12.49,12.49,12.49,12.49
2024-09-13,12.15,12.38,12.09,12.13,64866300,3.39,-2873.0,67292.0,950.0,38.5,70.86,42.85,8.68,1224.0,49.61,70.85,38.5,0.0,11.79,11.79,11.79,11.79,11.79,12.95,13.0,12.72,12.73,21946500,2.27,-10104.0,196711.0,3700.0,18.76,53.16,28.77,127.87,4881.0,24.07,4.37,18.76,0.0,12.49,12.49,12.49,12.49,12.49
2024-09-16,12.2,12.24,12.1,12.16,24753700,3.39,-2873.0,67292.0,950.0,38.5,70.86,42.85,8.68,1224.0,49.61,70.85,38.5,0.0,11.79,11.79,11.79,11.79,11.79,12.76,12.87,12.75,12.86,20765800,2.27,-10104.0,196711.0,3700.0,18.76,53.16,28.77,127.87,4881.0,24.07,4.37,18.76,0.0,12.49,12.49,12.49,12.49,12.49
2024-09-17,12.13,12.26,12.03,12.26,18077800,3.39,-2873.0,67292.0,950.0,38.5,70.86,42.85,8.68,1224.0,49.61,70.85,38.5,0.0,11.79,11.79,11.79,11.79,11.79,12.79,12.99,12.79,12.96,26068700,2.27,-10104.0,196711.0,3700.0,18.76,53.16,28.77,127.87,4881.0,24.07,4.37,18.76,0.0,12.49,12.49,12.49,12.49,12.49
2024-09-18,12.18,12.38,12.09,12.13,42205300,3.39,-2873.0,67292.0,950.0,38.5,70.86,42.85,8.68,1224.0,49.61,70.85,38.5,0.0,11.79,11.79,11.79,11.79,11.79,12.86,13.14,12.85,12.98,26897100,2.27,-10104.0,196711.0,3700.0,18.76,53.16,28.77,127.87,4881.0,24.07,4.37,18.76,0.0,12.49,12.49,12.49,12.49,12.49
2024-09-19,12.22,12.26,12.0,12.0,51993800,3.39,-2873.0,67292.0,950.0,38.5,70.86,42.85,8.68,1224.0,49.61,70.85,38.5,0.0,11.79,11.79,11.79,11.79,11.79,13.0,13.11,12.89,12.95,44713200,2.27,-10104.0,196711.0,3700.0,18.76,53.16,28.77,127.87,4881.0,24.07,4.37,18.76,0.0,12.49,12.49,12.49,12.49,12.49
2024-09-20,12.0,12.06,11.57,11.6,55541400,3.39,-2873.0,67292.0,950.0,38.5,70.86,42.85,8.68,1224.0,49.61,70.85,38.5,0.0,11.79,11.79,11.79,11.79,11.79,12.96,13.0,12.73,12.76,41412300,2.27,-10104.0,196711.0,3700.0,18.76,53.16,28.77,127.87,4881.0,24.07,4.37,18.76,0.0,12.49,12.49,12.49,12.49,12.49
2024-09-23,11.55,11.55,11.19,11.2,58376700,3.39,-2873.0,67292.0,950.0,38.5,70.86,42.85,8.68,1224.0,49.61,70.85,38.5,0.0,11.79,11.79,11.79,11.79,11.79,12.7,12.86,12.65,12.75,20009400,2.27,-10104.0,196711.0,3700.0,18.76,53.16,28.77,127.87,4881.0,24.07,4.37,18.76,0.0,12.49,12.49,12.49,12.49,12.49
2024-09-24,11.36,11.42,11.17,11.25,84784300,3.39,-2873.0,67292.0,950.0,38.5,70.86,42.85,8.68,1224.0,49.61,70.85,38.5,0.0,11.79,11.79,11.79,11.79,11.79,12.79,12.9,12.69,12.76,22598600,2.27,-10104.0,196711.0,3700.0,18.76,53.16,28.77,127.87,4881.0,24.07,4.37,18.76,0.0,12.49,12.49,12.49,12.49,12.49
2024-09-25,11.18,11.25,10.73,10.79,117931300,3.39,-2873.0,67292.0,950.0,38.5,70.86,42.85,8.68,1224.0,49.61,70.85,38.5,0.0,11.79,11.79,11.79,11.79,11.79,12.78,12.98,12.68,12.68,33524600,2.27,-10104.0,196711.0,3700.0,18.76,53.16,28.77,127.87,4881.0,24.07,4.37,18.76,0.0,12.49,12.49,12.49,12.49,12.49
2024-09-26,10.86,10.97,10.76,10.85,167073900,3.39,-2873.0,67292.0,950.0,38.5,70.86,42.85,8.68,1224.0,49.61,70.85,38.5,0.0,11.79,11.79,11.79,11.79,11.79,12.76,12.87,12.72,12.84,16241400,2.27,-10104.0,196711.0,3700.0,18.76,53.16,28.77,127.87,4881.0,24.07,4.37,18.76,0.0,12.49,12.49,12.49,12.49,12.49
2024-09-27,10.84,10.95,10.68,10.73,64574600,3.39,-2873.0,67292.0,950.0,38.5,70.86,42.85,8.68,1224.0,49.61,70.85,38.5,0.0,11.79,11.79,11.79,11.79,11.79,12.8,12.99,12.79,12.92,24958600,2.27,-10104.0,196711.0,3700.0,18.76,53.16,28.77,127.87,4881.0,24.07,4.37,18.76,0.0,12.49,12.49,12.49,12.49,12.49
2024-09-30,10.68,10.8,10.59,10.71,60955500,3.39,-2873.0,67292.0,950.0,38.5,70.86,42.85,8.68,1224.0,49.61,70.85,38.5,0.0,11.79,11.79,11.79,11.79,11.79,12.94,13.17,12.9,13.08,31164900,2.27,-10104.0,196711.0,3700.0,18.76,53.16,28.77,127.87,4881.0,24.07,4.37,18.76,0.0,12.49,12.49,12.49,12.49,12.49
2024-10-01,10.86,10.93,10.71,10.71,38491000,3.39,-2873.0,67292.0,950.0,38.5,70.86,42.85,8.68,1224.0,49.61,70.85,38.5,0.0,11.79,11.79,11.79,11.79,11.79,13.2,13.72,13.13,13.6,65825500,2.27,-10104.0,196711.0,3700.0,18.76,53.16,28.77,127.87,4881.0,24.07,4.37,18.76,0.0,12.49,12.49,12.49,12.49,12.49
2024-10-02,10.9,10.98,10.78,10.94,61962200,3.39,-2873.0,67292.0,950.0,38.5,70.86,42.85,8.68,1224.0,49.61,70.85,38.5,0.0,11.79,11.79,11.79,11.79,11.79,13.7,13.85,13.61,13.72,51056800,2.27,-10104.0,196711.0,3700.0,18.76,53.16,28.77,127.87,4881.0,24.07,4.37,18.76,0.0,12.49,12.49,12.49,12.49,12.49
2024-10-03,10.79,10.84,10.67,10.72,41875600,3.39,-2873.0,67292.0,950.0,38.5,70.86,42.85,8.68,1224.0,49.61,70.85,38.5,0.0,11.79,11.79,11.79,11.79,11.79,13.55,13.63,13.4,13.4,45000000,2.27,-10104.0,196711.0,3700.0,18.76,53.16,28.77,127.87,4881.0,24.07,4.37,18.76,0.0,12.49,12.49,12.49,12.49,12.49
2024-10-04,10.7,10.76,10.65,10.75,42988300,3.39,-2873.0,67292.0,950.0,38.5,70.86,42.85,8.68,1224.0,49.61,70.85,38.5,0.0,11.79,11.79,11.79,11.79,11.79,13.26,13.45,13.17,13.28,36607700,2.27,-10104.0,196711.0,3700.0,18.76,53.16,28.77,127.87,4881.0,24.07,4.37,18.76,0.0,12.49,12.49,12.49,12.49,12.49
2024-10-07,10.8,10.81,10.46,10.55,50239800,3.39,-2873.0,67292.0,950.0,38.5,70.86,42.85,8.68,1224.0,49.61,70.85,38.5,0.0,11.79,11.79,11.79,11.79,11.79,13.41,13.41,13.14,13.17,20788600,2.27,-10104.0,196711.0,3700.0,18.76,53.16,28.77,127.87,4881.0,24.07,4.37,18.76,0.0,12.49,12.49,12.49,12.49,12.49
2024-10-08,10.66,10.78,10.63,10.7,46497200,3.39,-2873.0,67292.0,950.0,38.5,70.86,42.85,8.68,1224.0,49.61,70.85,38.5,0.0,11.79,11.79,11.79,11.79,11.79,13.03,13.13,13.01,13.08,35995700,2.27,-10104.0,196711.0,3700.0,18.76,53.16,28.77,127.87,4881.0,24.07,4.37,18.76,0.0,12.49,12.49,12.49,12.49,12.49
2024-10-09,10.61,10.74,10.58,10.68,45895200,3.39,-2873.0,67292.0,950.0,38.5,70.86,42.85,8.68,1224.0,49.61,70.85,38.5,0.0,11.79,11.79,11.79,11.79,11.79,12.95,13.15,12.95,13.08,28383000,2.27,-10104.0,196711.0,3700.0,18.76,53.16,28.77,127.87,4881.0,24.07,4.37,18.76,0.0,12.49,12.49,12.49,12.49,12.49
2024-10-10,10.71,10.83,10.7,10.75,37701700,3.39,-2873.0,67292.0,950.0,38.5,70.86,42.85,8.68,1224.0,49.61,70.85,38.5,0.0,11.79,11.79,11.79,11.79,11.79,13.05,13.19,13.05,13.11,19340400,2.27,-10104.0,196711.0,3700.0,18.76,53.16,28.77,127.87,4881.0,24.07,4.37,18.76,0.0,12.49,12.49,12.49,12.49,12.49
2024-10-11,10.72,10.75,10.54,10.69,25480900,3.39,-2873.0,67292.0,950.0,38.5,70.86,42.85,8.68,1224.0,49.61,70.85,38.5,0.0,11.79,11.79,11.79,11.79,11.79,13.09,13.12,12.84,12.88,31193700,2.27,-10104.0,196711.0,3700.0,18.76,53.16,28.77,127.87,4881.0,24.07,4.37,18.76,0.0,12.49,12.49,12.49,12.49,12.49
2024-10-14,10.69,10.98,10.66,10.88,35854800,3.39,-2873.0,67292.0,950.0,38.5,70.86,42.85,8.68,1224.0,49.61,70.85,38.5,0.0,11.79,11.79,11.79,11.79,11.79,12.86,12.97,12.84,12.92,21045900,2.27,-10104.0,196711.0,3700.0,18.76,53.16,28.77,127.87,4881.0,24.07,4.37,18.76,0.0,12.49,12.49,12.49,12.49,12.49
2024-10-15,10.9,11.0,10.79,10.84,30199500,3.39,-2873.0,67292.0,950.0,38.5,70.86,42.85,8.68,1224.0,49.61,70.85,38.5,0.0,11.79,11.79,11.79,11.79,11.79,12.93,12.95,12.81,12.88,33545800,2.27,-10104.0,196711.0,3700.0,18.76,53.16,28.77,127.87,4881.0,24.07,4.37,18.76,0.0,12.49,12.49,12.49,12.49,12.49
2024-10-16,10.85,11.01,10.75,10.98,41240600,3.39,-2873.0,67292.0,950.0,38.5,70.86,42.85,8.68,1224.0,49.61,70.85,38.5,0.0,11.79,11.79,11.79,11.79,11.79,12.89,13.0,12.85,12.94,34342600,2.27,-10104.0,196711.0,3700.0,18.76,53.16,28.77,127.87,4881.0,24.07,4.37,18.76,0.0,12.49,12.49,12.49,12.49,12.49
2024-10-17,10.84,10.88,10.63,10.72,23156000,3.39,-2873.0,67292.0,950.0,38.5,70.86,42.85,8.68,1224.0,49.61,70.85,38.5,0.0,11.79,11.79,11.79,11.79,11.79,12.78,12.96,12.75,12.86,18266900,2.27,-10104.0,196711.0,3700.0,18.76,53.16,28.77,127.87,4881.0,24.07,4.37,18.76,0.0,12.49,12.49,12.49,12.49,12.49
2024-10-18,10.78,10.82,10.59,10.65,30999400,3.39,-2873.0,67292.0,950.0,38.5,70.86,42.85,8.68,1224.0,49.61,70.85,38.5,0.0,11.79,11.79,11.79,11.79,11.79,12.96,12.96,12.8,12.88,19422900,2.27,-10104.0,196711.0,3700.0,18.76,53.16,28.77,127.87,4881.0,24.07,4.37,18.76,0.0,12.49,12.49,12.49,12.49,12.49
2024-10-21,10.67,10.85,10.67,10.85,26633900,3.39,-2873.0,67292.0,950.0,38.5,70.86,42.85,8.68,1224.0,49.61,70.85,38.5,0.0,11.79,11.79,11.79,11.79,11.79,12.88,12.94,12.81,12.83,28877400,2.27,-10104.0,196711.0,3700.0,18.76,53.16,28.77,127.87,4881.0,24.07,4.37,18.76,0.0,12.49,12.49,12.49,12.49,12.49
2024-10-22,10.74,10.81,10.55,10.61,29304400,3.39,-2873.0,67292.0,950.0,38.5,70.86,42.85,8.68,1224.0,49.61,70.85,38.5,0.0,11.79,11.79,11.79,11.79,11.79,12.77,12.9,12.73,12.82,34756100,2.27,-10104.0,196711.0,3700.0,18.76,53.16,28.77,127.87,4881.0,24.07,4.37,18.76,0.0,12.49,12.49,12.49,12.49,12.49
2024-10-23,10.52,10.62,10.46,10.62,39674300,3.39,-2873.0,67292.0,950.0,38.5,70.86,42.85,8.68,1224.0,49.61,70.85,38.5,0.0,11.79,11.79,11.79,11.79,11.79,12.74,12.82,12.7,12.75,22384200,2.27,-10104.0,196711.0,3700.0,18.76,53.16,28.77,127.87,4881.0,24.07,4.37,18.76,0.0,12.49,12.49,12.49,12.49,12.49
2024-10-24,10.62,10.78,10.51,10.78,34038300,3.39,-2873.0,67292.0,950.0,38.5,70.86,42.85,8.68,1224.0,49.61,70.85,38.5,0.0,11.79,11.79,11.79,11.79,11.79,12.72,12.89,12.68,12.83,19295300,2.27,-10104.0,196711.0,3700.0,18.76,53.16,28.77,127.87,4881.0,24.07,4.37,18.76,0.0,12.49,12.49,12.49,12.49,12.49
2024-10-25,10.75,10.8,10.63,10.71,26411000,3.39,-2873.0,67292.0,950.0,38.5,70.86,42.85,8.68,1224.0,49.61,70.85,38.5,0.0,11.79,11.79,11.79,11.79,11.79,12.82,12.84,12.73,12.75,19204000,2.27,-10104.0,196711.0,3700.0,18.76,53.16,28.77,127.87,4881.0,24.07,4.37,18.76,0.0,12.49,12.49,12.49,12.49,12.49
2024-10-28,10.78,10.95,10.77,10.89,29203800,3.39,-2873.0,67292.0,950.0,38.5,70.86,42.85,8.68,1224.0,49.61,70.85,38.5,0.0,11.79,11.79,11.79,11.79,11.79,12.81,13.0,12.78,12.89,20050900,2.27,-10104.0,196711.0,3700.0,18.76,53.16,28.77,127.87,4881.0,24.07,4.37,18.76,0.0,12.49,12.49,12.49,12.49,12.49
2024-10-29,10.88,10.92,10.77,10.83,26229700,3.39,-2873.0,67292.0,950.0,38.5,70.86,42.85,8.68,1224.0,49.61,70.85,38.5,0.0,11.79,11.79,11.79,11.79,11.79,12.9,13.03,12.87,12.98,21500600,2.27,-10104.0,196711.0,3700.0,18.76,53.16,28.77,127.87,4881.0,24.07,4.37,18.76,0.0,12.49,12.49,12.49,12.49,12.49
2024-10-30,10.85,10.87,10.72,10.78,26539600,3.39,-2873.0,67292.0,950.0,38.5,70.86,42.85,8.68,1224.0,49.61,70.85,38.5,0.0,11.79,11.79,11.79,11.79,11.79,13.05,13.09,12.9,12.93,21176300,2.27,-10104.0,196711.0,3700.0,18.76,53.16,28.77,127.87,4881.0,24.07,4.37,18.76,0.0,12.49,12.49,12.49,12.49,12.49
2024-10-31,10.74,10.75,10.57,10.62,28075100,3.39,-2873.0,67292.0,950.0,38.5,70.86,42.85,8.68,1224.0,49.61,70.85,38.5,0.0,11.79,11.79,11.79,11.79,11.79,12.6,12.84,12.48,12.64,61215800,2.27,-10104.0,196711.0,3700.0,18.76,53.16,28.77,127.87,4881.0,24.07,4.37,18.76,0.0,12.49,12.49,12.49,12.49,12.49
2024-11-01,10.65,10.65,10.33,10.42,33123200,3.39,-2873.0,67292.0,950.0,38.5,70.86,42.85,8.68,1224.0,49.61,70.85,38.5,0.0,11.79,11.79,11.79,11.79,11.79,12.51,12.65,12.48,12.54,29027800,2.27,-10104.0,196711.0,3700.0,18.76,53.16,28.77,127.87,4881.0,24.07,4.37,18.76,0.0,12.49,12.49,12.49,12.49,12.49
2024-11-04,10.53,10.88,10.51,10.86,39785000,3.39,-2873.0,67292.0,950.0,38.5,70.86,42.85,8.68,1224.0,49.61,70.85,38.5,0.0,11.79,11.79,11.79,11.79,11.79,12.59,12.71,12.51,12.67,19442900,2.27,-10104.0,196711.0,3700.0,18.76,53.16,28.77,127.87,4881.0,24.07,4.37,18.76,0.0,12.49,12.49,12.49,12.49,12.49
2024-11-05,10.72,10.98,10.62,10.97,28896400,3.39,-2873.0,67292.0,950.0,38.5,70.86,42.85,8.68,1224.0,49.61,70.85,38.5,0.0,11.79,11.79,11.79,11.79,11.79,12.6,12.74,12.57,12.68,18352000,2.27,-10104.0,196711.0,3700.0,18.76,53.16,28.77,127.87,4881.0,24.07,4.37,18.76,0.0,12.49,12.49,12.49,12.49,12.49
2024-11-06,10.71,10.76,10.53,10.65,37995800,3.39,-2873.0,67292.0,950.0,38.5,70.86,42.85,8.68,1224.0,49.61,70.85,38.5,0.0,11.79,11.79,11.79,11.79,11.79,12.52,12.55,12.34,12.5,39053800,2.27,-10104.0,196711.0,3700.0,18.76,53.16,28.77,127.87,4881.0,24.07,4.37,18.76,0.0,12.49,12.49,12.49,12.49,12.49
2024-11-07,10.6,11.01,10.49,10.71,55293600,3.39,-2873.0,67292.0,950.0,38.5,70.86,42.85,8.68,1224.0,49.61,70.85,38.5,0.0,11.79,11.79,11.79,11.79,11.79,12.39,12.69,12.39,12.55,23946600,2.27,-10104.0,196711.0,3700.0,18.76,53.16,28.77,127.87,4881.0,24.07,4.37,18.76,0.0,12.49,12.49,12.49,12.49,12.49
2024-11-08,10.48,10.55,10.21,10.31,58652500,3.39,-2873.0,67292.0,950.0,38.5,70.86,42.85,8.68,1224.0,49.61,70.85,38.5,0.0,11.79,11.79,11.79,11.79,11.79,12.4,12.55,12.31,12.33,35013400,2.27,-10104.0,196711.0,3700.0,18.76,53.16,28.77,127.87,4881.0,24.07,4.37,18.76,0.0,12.49,12.49,12.49,12.49,12.49
2024-11-11,10.25,10.27,10.07,10.16,66155900,3.39,-2873.0,67292.0,950.0,38.5,70.86,42.85,8.68,1224.0,49.61,70.85,38.5,0.0,11.79,11.79,11.79,11.79,11.79,12.31,12.55,12.26,12.51,20684800,2.27,-10104.0,196711.0,3700.0,18.76,53.16,28.77,127.87,4881.0,24.07,4.37,18.76,0.0,12.49,12.49,12.49,12.49,12.49
2024-11-12,10.15,10.35,10.07,10.31,55851700,3.39,-2873.0,67292.0,950.0,38.5,70.86,42.85,8.68,1224.0,49.61,70.85,38.5,0.0,11.79,11.79,11.79,11.79,11.79,12.43,12.64,12.3,12.58,26899600,2.27,-10104.0,196711.0,3700.0,18.76,53.16,28.77,127.87,4881.0,24.07,4.37,18.76,0.0,12.49,12.49,12.49,12.49,12.49
2024-11-13,10.33,10.36,10.08,10.23,73712300,3.39,-2873.0,67292.0,950.0,38.5,70.86,42.85,8.68,1224.0,49.61,70.85,38.5,0.0,11.79,11.79,11.79,11.79,11.79,12.52,12.77,12.46,12.73,30341700,2.27,-10104.0,196711.0,3700.0,18.76,53.16,28.77,127.87,4881.0,24.07,4.37,18.76,0.0,12.49,12.49,12.49,12.49,12.49
2024-11-14,10.19,10.32,10.08,10.27,86415300,3.39,-2873.0,67292.0,950.0,38.5,70.86,42.85,8.68,1224.0,49.61,70.85,38.5,0.0,11.79,11.79,11.79,11.79,11.79,12.69,12.9,12.61,12.64,38027500,2.27,-10104.0,196711.0,3700.0,18.76,53.16,28.77,127.87,4881.0,24.07,4.37,18.76,0.0,12.49,12.49,12.49,12.49,12.49
2024-11-18,10.13,10.18,9.94,10.0,88368100,3.39,-2873.0,67292.0,950.0,38.5,70.86,42.85,8.68,1224.0,49.61,70.85,38.5,0.0,11.79,11.79,11.79,11.79,11.79,12.48,12.67,12.38,12.42,37251000,2.27,-10104.0,196711.0,3700.0,18.76,53.16,28.77,127.87,4881.0,24.07,4.37,18.76,0.0,12.49,12.49,12.49,12.49,12.49
2024-11-19,10.01,10.09,9.97,10.02,53425300,3.39,-2873.0,67292.0,950.0,38.5,70.86,42.85,8.68,1224.0,49.61,70.85,38.5,0.0,11.79,11.79,11.79,11.79,11.79,12.45,12.6,12.42,12.43,28564100,2.27,-10104.0,196711.0,3700.0,18.76,53.16,28.77,127.87,4881.0,24.07,4.37,18.76,0.0,12.49,12.49,12.49,12.49,12.49
2024-11-21,9.89,9.92,9.8,9.82,67659300,3.39,-2873.0,67292.0,950.0,38.5,70.86,42.85,8.68,1224.0,49.61,70.85,38.5,0.0,11.79,11.79,11.79,11.79,11.79,12.31,12.48,12.3,12.39,18400700,2.27,-10104.0,196711.0,3700.0,18.76,53.16,28.77,127.87,4881.0,24.07,4.37,18.76,0.0,12.49,12.49,12.49,12.49,12.49
2024-11-22,9.96,10.02,9.83,10.02,59138800,3.39,-2873.0,67292.0,950.0,38.5,70.86,42.85,8.68,1224.0,49.61,70.85,38.5,0.0,11.79,11.79,11.79,11.79,11.79,12.49,12.7,12.47,12.68,24116600,2.27,-10104.0,196711.0,3700.0,18.76,53.16,28.77,127.87,4881.0,24.07,4.37,18.76,0.0,12.49,12.49,12.49,12.49,12.49
2024-11-25,10.04,10.19,9.97,10.14,85622700,3.39,-2873.0,67292.0,950.0,38.5,70.86,42.85,8.68,1224.0,49.61,70.85,38.5,0.0,11.79,11.79,11.79,11.79,11.79,12.59,12.69,12.54,12.54,22015800,2.27,-10104.0,196711.0,3700.0,18.76,53.16,28.77,127.87,4881.0,24.07,4.37,18.76,0.0,12.49,12.49,12.49,12.49,12.49
2024-11-26,10.19,10.25,10.03,10.18,52418300,3.39,-2873.0,67292.0,950.0,38.5,70.86,42.85,8.68,1224.0,49.61,70.85,38.5,0.0,11.79,11.79,11.79,11.79,11.79,12.59,12.71,12.54,12.61,16924800,2.27,-10104.0,196711.0,3700.0,18.76,53.16,28.77,127.87,4881.0,24.07,4.37,18.76,0.0,12.49,12.49,12.49,12.49,12.49
2024-11-27,10.13,10.19,9.76,9.76,57603000,3.39,-2873.0,67292.0,950.0,38.5,70.86,42.85,8.68,1224.0,49.61,70.85,38.5,0.0,11.79,11.79,11.79,11.79,11.79,12.63,12.74,12.51,12.55,48572000,2.27,-10104.0,196711.0,3700.0,18.76,53.16,28.77,127.87,4881.0,24.07,4.37,18.76,0.0,12.49,12.49,12.49,12.49,12.49
2024-11-28,9.77,9.82,9.15,9.15,65340600,3.39,-2873.0,67292.0,950.0,38.5,70.86,42.85,8.68,1224.0,49.61,70.85,38.5,0.0,11.79,11.79,11.79,11.79,11.79,12.55,12.8,12.32,12.4,40805900,2.27,-10104.0,196711.0,3700.0,18.76,53.16,28.77,127.87,4881.0,24.07,4.37,18.76,0.0,12.49,12.49,12.49,12.49,12.49
2024-11-29,9.2,9.34,8.99,9.26,81908200,3.39,-2873.0,67292.0,950.0,38.5,70.86,42.85,8.68,1224.0,49.61,70.85,38.5,0.0,11.79,11.79,11.79,11.79,11.79,12.33,12.73,12.25,12.73,62396000,2.27,-10104.0,196711.0,3700.0,18.76,53.16,28.77,127.87,4881.0,24.07,4.37,18.76,0.0,12.49,12.49,12.49,12.49,12.49
2024-12-02,9.2,9.42,9.14,9.37,78340300,3.39,-2873.0,67292.0,950.0,38.5,70.86,42.85,8.68,1224.0,49.61,70.85,38.5,0.0,11.79,11.79,11.79,11.79,11.79,12.66,13.27,12.6,13.25,87464600,2.27,-10104.0,196711.0,3700.0,18.76,53.16,28.77,127.87,4881.0,24.07,4.37,18.76,0.0,12.49,12.49,12.49,12.49,12.49
2024-12-03,9.4,9.49,9.31,9.46,39449100,3.39,-2873.0,67292.0,950.0,38.5,70.86,42.85,8.68,1224.0,49.61,70.85,38.5,0.0,11.79,11.79,11.79,11.79,11.79,13.25,13.88,13.19,13.85,72892200,2.27,-10104.0,196711.0,3700.0,18.76,53.16,28.77,127.87,4881.0,24.07,4.37,18.76,0.0,12.49,12.49,12.49,12.49,12.49
2024-12-04,9.41,9.64,9.4,9.57,35039100,3.39,-2873.0,67292.0,950.0,38.5,70.86,42.85,8.68,1224.0,49.61,70.85,38.5,0.0,11.79,11.79,11.79,11.79,11.79,13.9,14.06,13.78,13.93,50659000,2.27,-10104.0,196711.0,3700.0,18.76,53.16,28.77,127.87,4881.0,24.07,4.37,18.76,0.0,12.49,12.49,12.49,12.49,12.49
2024-12-05,9.71,9.85,9.67,9.78,54294600,3.39,-2873.0,67292.0,950.0,38.5,70.86,42.85,8.68,1224.0,49.61,70.85,38.5,0.0,11.79,11.79,11.79,11.79,11.79,14.05,14.46,14.0,14.42,38794000,2.27,-10104.0,196711.0,3700.0,18.76,53.16,28.77,127.87,4881.0,24.07,4.37,18.76,0.0,12.49,12.49,12.49,12.49,12.49
2024-12-06,9.89,10.2,9.8,9.93,128262700,3.39,-2873.0,67292.0,950.0,38.5,70.86,42.85,8.68,1224.0,49.61,70.85,38.5,0.0,11.79,11.79,11.79,11.79,11.79,14.3,14.53,14.15,14.22,46449200,2.27,-10104.0,196711.0,3700.0,18.76,53.16,28.77,127.87,4881.0,24.07,4.37,18.76,0.0,12.49,12.49,12.49,12.49,12.49
